"BLUE","Tukey.Class","Frequency","SNP","Allele","trait","Phenotype","Treatment","DAP","Experiment"
0,"a",0.157692307692308,"9_53627713","00","avg.sv.height_wet_IB005.10","avg.sv.height","wet",10,"IB005"
-0.497758235874709,"b",0.838461538461538,"9_53627713","11","avg.sv.height_wet_IB005.10","avg.sv.height","wet",10,"IB005"
0,"b",0.392307692307692,"5_5912258","00","avg.sv.height_wet_IB005.10","avg.sv.height","wet",10,"IB005"
-0.299322353780121,"a",0.6,"5_5912258","11","avg.sv.height_wet_IB005.10","avg.sv.height","wet",10,"IB005"
0,"a",0.775735294117647,"2_400138","00","avg.sv.height_wet_IB005.11","avg.sv.height","wet",11,"IB005"
-0.464745857324273,"b",0.216911764705882,"2_400138","11","avg.sv.height_wet_IB005.11","avg.sv.height","wet",11,"IB005"
0,"c",0.0882352941176471,"1_11078382","00","avg.sv.height_wet_IB005.11","avg.sv.height","wet",11,"IB005"
1.48884467897395,"b",0.786764705882353,"1_11078382","11","avg.sv.height_wet_IB005.11","avg.sv.height","wet",11,"IB005"
0,"b",0.672794117647059,"9_53149678","00","avg.sv.height_wet_IB005.11","avg.sv.height","wet",11,"IB005"
0.387567302434754,"a",0.316176470588235,"9_53149678","11","avg.sv.height_wet_IB005.11","avg.sv.height","wet",11,"IB005"
0,"b",0.360294117647059,"5_5923741","00","avg.sv.height_wet_IB005.11","avg.sv.height","wet",11,"IB005"
-1.07323306377846,"a",0.595588235294118,"5_5923741","11","avg.sv.height_wet_IB005.11","avg.sv.height","wet",11,"IB005"
0,"b",0.720588235294118,"6_29082613","00","avg.sv.height_wet_IB005.11","avg.sv.height","wet",11,"IB005"
0.435831573084266,"a",0.272058823529412,"6_29082613","11","avg.sv.height_wet_IB005.11","avg.sv.height","wet",11,"IB005"
0,"b",0.352941176470588,"5_5897146","00","avg.sv.height_wet_IB005.11","avg.sv.height","wet",11,"IB005"
0.896438436661892,"a",0.591911764705882,"5_5897146","11","avg.sv.height_wet_IB005.11","avg.sv.height","wet",11,"IB005"
0,"b",0.525735294117647,"2_3444697","00","avg.sv.height_wet_IB005.11","avg.sv.height","wet",11,"IB005"
-0.310081828715004,"a",0.470588235294118,"2_3444697","11","avg.sv.height_wet_IB005.11","avg.sv.height","wet",11,"IB005"
0,"b",0.147058823529412,"1_11078108","00","avg.sv.height_wet_IB005.11","avg.sv.height","wet",11,"IB005"
-0.809031563911145,"a",0.709558823529412,"1_11078108","11","avg.sv.height_wet_IB005.11","avg.sv.height","wet",11,"IB005"
0,"b",0.264705882352941,"2_5143916","00","avg.sv.height_wet_IB005.11","avg.sv.height","wet",11,"IB005"
-0.322246653942007,"a",0.716911764705882,"2_5143916","11","avg.sv.height_wet_IB005.11","avg.sv.height","wet",11,"IB005"
0,"a",0.775735294117647,"2_400138","00","avg.sv.height_wet_IB005.12","avg.sv.height","wet",12,"IB005"
-0.496723535050408,"b",0.216911764705882,"2_400138","11","avg.sv.height_wet_IB005.12","avg.sv.height","wet",12,"IB005"
0,"c",0.0882352941176471,"1_11078382","00","avg.sv.height_wet_IB005.12","avg.sv.height","wet",12,"IB005"
2.11770462454697,"b",0.786764705882353,"1_11078382","11","avg.sv.height_wet_IB005.12","avg.sv.height","wet",12,"IB005"
0,"b",0.672794117647059,"9_53149678","00","avg.sv.height_wet_IB005.12","avg.sv.height","wet",12,"IB005"
0.416204520981616,"a",0.316176470588235,"9_53149678","11","avg.sv.height_wet_IB005.12","avg.sv.height","wet",12,"IB005"
0,"b",0.823529411764706,"6_29064294","00","avg.sv.height_wet_IB005.12","avg.sv.height","wet",12,"IB005"
0.47803868568268,"a",0.172794117647059,"6_29064294","11","avg.sv.height_wet_IB005.12","avg.sv.height","wet",12,"IB005"
0,"a",0.0882352941176471,"1_11078286","00","avg.sv.height_wet_IB005.12","avg.sv.height","wet",12,"IB005"
-1.28689711428445,"b",0.772058823529412,"1_11078286","11","avg.sv.height_wet_IB005.12","avg.sv.height","wet",12,"IB005"
0,"b",0.525735294117647,"2_3444697","00","avg.sv.height_wet_IB005.12","avg.sv.height","wet",12,"IB005"
-0.299859228653183,"a",0.470588235294118,"2_3444697","11","avg.sv.height_wet_IB005.12","avg.sv.height","wet",12,"IB005"
0,"b",0.378676470588235,"5_5912258","00","avg.sv.height_wet_IB005.12","avg.sv.height","wet",12,"IB005"
-0.704014435246939,"a",0.613970588235294,"5_5912258","11","avg.sv.height_wet_IB005.12","avg.sv.height","wet",12,"IB005"
0,"b",0.352941176470588,"5_5897146","00","avg.sv.height_wet_IB005.12","avg.sv.height","wet",12,"IB005"
0.571482653174394,"a",0.591911764705882,"5_5897146","11","avg.sv.height_wet_IB005.12","avg.sv.height","wet",12,"IB005"
0,"b",0.569852941176471,"6_7762608","00","avg.sv.height_wet_IB005.12","avg.sv.height","wet",12,"IB005"
-0.312873395596804,"a",0.404411764705882,"6_7762608","11","avg.sv.height_wet_IB005.12","avg.sv.height","wet",12,"IB005"
0,"a",0.790441176470588,"2_779121","00","avg.sv.height_wet_IB005.13","avg.sv.height","wet",13,"IB005"
-0.729531791276823,"b",0.150735294117647,"2_779121","11","avg.sv.height_wet_IB005.13","avg.sv.height","wet",13,"IB005"
0,"b",0.150735294117647,"9_53637400","00","avg.sv.height_wet_IB005.13","avg.sv.height","wet",13,"IB005"
-0.404392699932687,"a",0.845588235294118,"9_53637400","11","avg.sv.height_wet_IB005.13","avg.sv.height","wet",13,"IB005"
0,"b",0.367647058823529,"5_5897646","00","avg.sv.height_wet_IB005.13","avg.sv.height","wet",13,"IB005"
-0.300422671795287,"a",0.621323529411765,"5_5897646","11","avg.sv.height_wet_IB005.13","avg.sv.height","wet",13,"IB005"
0,"a",0.363970588235294,"7_15664795","00","avg.sv.height_wet_IB005.13","avg.sv.height","wet",13,"IB005"
0.205339706724573,"b",0.496323529411765,"7_15664795","11","avg.sv.height_wet_IB005.13","avg.sv.height","wet",13,"IB005"
0,"b",0.0882352941176471,"1_11078382","00","avg.sv.height_wet_IB005.13","avg.sv.height","wet",13,"IB005"
1.29413758284217,"a",0.786764705882353,"1_11078382","11","avg.sv.height_wet_IB005.13","avg.sv.height","wet",13,"IB005"
0,"b",0.0882352941176471,"1_11078286","00","avg.sv.height_wet_IB005.13","avg.sv.height","wet",13,"IB005"
-1.00099909363382,"a",0.772058823529412,"1_11078286","11","avg.sv.height_wet_IB005.13","avg.sv.height","wet",13,"IB005"
0,"b",0.466911764705882,"2_321164","00","avg.sv.height_wet_IB005.13","avg.sv.height","wet",13,"IB005"
-0.199211231384904,"a",0.525735294117647,"2_321164","11","avg.sv.height_wet_IB005.13","avg.sv.height","wet",13,"IB005"
0,"b",0.511029411764706,"2_4241990","00","avg.sv.height_wet_IB005.13","avg.sv.height","wet",13,"IB005"
-0.262835657318405,"a",0.474264705882353,"2_4241990","11","avg.sv.height_wet_IB005.13","avg.sv.height","wet",13,"IB005"
0,"b",0.735294117647059,"6_29050719","00","avg.sv.height_wet_IB005.13","avg.sv.height","wet",13,"IB005"
0.282514432439116,"a",0.257352941176471,"6_29050719","11","avg.sv.height_wet_IB005.13","avg.sv.height","wet",13,"IB005"
0,"a",0.775735294117647,"2_400138","00","avg.sv.height_wet_IB005.14","avg.sv.height","wet",14,"IB005"
-0.633954462055616,"b",0.216911764705882,"2_400138","11","avg.sv.height_wet_IB005.14","avg.sv.height","wet",14,"IB005"
0,"a",0.150735294117647,"9_53637400","00","avg.sv.height_wet_IB005.14","avg.sv.height","wet",14,"IB005"
-0.464965619215831,"b",0.845588235294118,"9_53637400","11","avg.sv.height_wet_IB005.14","avg.sv.height","wet",14,"IB005"
0,"b",0.360294117647059,"5_5923741","00","avg.sv.height_wet_IB005.14","avg.sv.height","wet",14,"IB005"
-0.350443569163372,"a",0.595588235294118,"5_5923741","11","avg.sv.height_wet_IB005.14","avg.sv.height","wet",14,"IB005"
0,"a",0.363970588235294,"7_15664795","00","avg.sv.height_wet_IB005.14","avg.sv.height","wet",14,"IB005"
0.279432214009423,"b",0.496323529411765,"7_15664795","11","avg.sv.height_wet_IB005.14","avg.sv.height","wet",14,"IB005"
0,"b",0.525735294117647,"2_3444697","00","avg.sv.height_wet_IB005.14","avg.sv.height","wet",14,"IB005"
-0.322510703482478,"a",0.470588235294118,"2_3444697","11","avg.sv.height_wet_IB005.14","avg.sv.height","wet",14,"IB005"
0,"b",0.827205882352941,"6_29064294","00","avg.sv.height_wet_IB005.14","avg.sv.height","wet",14,"IB005"
0.39224103669461,"a",0.172794117647059,"6_29064294","11","avg.sv.height_wet_IB005.14","avg.sv.height","wet",14,"IB005"
0,"b",0.0882352941176471,"1_11078382","00","avg.sv.height_wet_IB005.14","avg.sv.height","wet",14,"IB005"
1.19757963169873,"a",0.786764705882353,"1_11078382","11","avg.sv.height_wet_IB005.14","avg.sv.height","wet",14,"IB005"
0,"b",0.0882352941176471,"1_11078286","00","avg.sv.height_wet_IB005.14","avg.sv.height","wet",14,"IB005"
-1.15710694725968,"a",0.772058823529412,"1_11078286","11","avg.sv.height_wet_IB005.14","avg.sv.height","wet",14,"IB005"
0,"a",0.139705882352941,"1_9974752","00","avg.sv.height_wet_IB005.14","avg.sv.height","wet",14,"IB005"
0.437515006853547,"a",0.735294117647059,"1_9974752","11","avg.sv.height_wet_IB005.14","avg.sv.height","wet",14,"IB005"
0,"a",0.790441176470588,"2_779121","00","avg.sv.height_wet_IB005.15","avg.sv.height","wet",15,"IB005"
-0.788676989159949,"b",0.150735294117647,"2_779121","11","avg.sv.height_wet_IB005.15","avg.sv.height","wet",15,"IB005"
0,"c",0.150735294117647,"9_53637400","00","avg.sv.height_wet_IB005.15","avg.sv.height","wet",15,"IB005"
-0.494201090248517,"b",0.845588235294118,"9_53637400","11","avg.sv.height_wet_IB005.15","avg.sv.height","wet",15,"IB005"
0,"a",0.363970588235294,"7_15664795","00","avg.sv.height_wet_IB005.15","avg.sv.height","wet",15,"IB005"
0.222075894499552,"b",0.496323529411765,"7_15664795","11","avg.sv.height_wet_IB005.15","avg.sv.height","wet",15,"IB005"
0,"b",0.341911764705882,"5_5894348","00","avg.sv.height_wet_IB005.15","avg.sv.height","wet",15,"IB005"
-0.327553761316722,"a",0.617647058823529,"5_5894348","11","avg.sv.height_wet_IB005.15","avg.sv.height","wet",15,"IB005"
0,"b",0.6875,"6_6662072","00","avg.sv.height_wet_IB005.15","avg.sv.height","wet",15,"IB005"
-0.291469000080705,"a",0.301470588235294,"6_6662072","11","avg.sv.height_wet_IB005.15","avg.sv.height","wet",15,"IB005"
0,"b",0.522058823529412,"2_4243288","00","avg.sv.height_wet_IB005.15","avg.sv.height","wet",15,"IB005"
-0.254101536690617,"a",0.463235294117647,"2_4243288","11","avg.sv.height_wet_IB005.15","avg.sv.height","wet",15,"IB005"
0,"b",0.0955882352941176,"1_11078181","00","avg.sv.height_wet_IB005.15","avg.sv.height","wet",15,"IB005"
0.501679500811868,"a",0.768382352941177,"1_11078181","11","avg.sv.height_wet_IB005.15","avg.sv.height","wet",15,"IB005"
0,"b",0.827205882352941,"6_29064294","00","avg.sv.height_wet_IB005.15","avg.sv.height","wet",15,"IB005"
0.283050001772286,"a",0.172794117647059,"6_29064294","11","avg.sv.height_wet_IB005.15","avg.sv.height","wet",15,"IB005"
0,"a",0.775735294117647,"2_400138","00","avg.sv.height_wet_IB005.16","avg.sv.height","wet",16,"IB005"
-0.722103479963416,"b",0.216911764705882,"2_400138","11","avg.sv.height_wet_IB005.16","avg.sv.height","wet",16,"IB005"
0,"a",0.136029411764706,"9_53629615","00","avg.sv.height_wet_IB005.16","avg.sv.height","wet",16,"IB005"
-0.603814169854807,"b",0.860294117647059,"9_53629615","11","avg.sv.height_wet_IB005.16","avg.sv.height","wet",16,"IB005"
0,"b",0.367647058823529,"5_5897646","00","avg.sv.height_wet_IB005.16","avg.sv.height","wet",16,"IB005"
-0.421083587080162,"a",0.621323529411765,"5_5897646","11","avg.sv.height_wet_IB005.16","avg.sv.height","wet",16,"IB005"
0,"b",0.363970588235294,"7_15664795","00","avg.sv.height_wet_IB005.16","avg.sv.height","wet",16,"IB005"
0.322716699017828,"a",0.496323529411765,"7_15664795","11","avg.sv.height_wet_IB005.16","avg.sv.height","wet",16,"IB005"
0,"b",0.518382352941177,"3_11955966","00","avg.sv.height_wet_IB005.16","avg.sv.height","wet",16,"IB005"
0.362250639241138,"a",0.474264705882353,"3_11955966","11","avg.sv.height_wet_IB005.16","avg.sv.height","wet",16,"IB005"
0,"b",0.290441176470588,"2_5145760","00","avg.sv.height_wet_IB005.16","avg.sv.height","wet",16,"IB005"
-0.328759586164331,"a",0.683823529411765,"2_5145760","11","avg.sv.height_wet_IB005.16","avg.sv.height","wet",16,"IB005"
0,"b",0.606617647058823,"6_7741257","00","avg.sv.height_wet_IB005.16","avg.sv.height","wet",16,"IB005"
-0.305375578748756,"a",0.382352941176471,"6_7741257","11","avg.sv.height_wet_IB005.16","avg.sv.height","wet",16,"IB005"
0,"b",0.419117647058824,"3_37233069","00","avg.sv.height_wet_IB005.16","avg.sv.height","wet",16,"IB005"
-0.279111338123359,"a",0.352941176470588,"3_37233069","11","avg.sv.height_wet_IB005.16","avg.sv.height","wet",16,"IB005"
0,"a",0.0885608856088561,"1_11078382","00","avg.sv.height_wet_IB005.17","avg.sv.height","wet",17,"IB005"
1.09622912646801,"c",0.785977859778598,"1_11078382","11","avg.sv.height_wet_IB005.17","avg.sv.height","wet",17,"IB005"
0,"b",0.774907749077491,"2_400138","00","avg.sv.height_wet_IB005.17","avg.sv.height","wet",17,"IB005"
-0.601726464910966,"a",0.217712177121771,"2_400138","11","avg.sv.height_wet_IB005.17","avg.sv.height","wet",17,"IB005"
0,"b",0.280442804428044,"2_5145706","00","avg.sv.height_wet_IB005.17","avg.sv.height","wet",17,"IB005"
-0.262076453166642,"a",0.708487084870849,"2_5145706","11","avg.sv.height_wet_IB005.17","avg.sv.height","wet",17,"IB005"
0,"b",0.343173431734317,"5_5894348","00","avg.sv.height_wet_IB005.17","avg.sv.height","wet",17,"IB005"
-0.370517129088024,"a",0.616236162361624,"5_5894348","11","avg.sv.height_wet_IB005.17","avg.sv.height","wet",17,"IB005"
0,"b",0.605166051660517,"6_7741257","00","avg.sv.height_wet_IB005.17","avg.sv.height","wet",17,"IB005"
-0.288490048607361,"a",0.383763837638376,"6_7741257","11","avg.sv.height_wet_IB005.17","avg.sv.height","wet",17,"IB005"
0,"b",0.154981549815498,"9_53639989","00","avg.sv.height_wet_IB005.17","avg.sv.height","wet",17,"IB005"
-0.418519341333638,"a",0.841328413284133,"9_53639989","11","avg.sv.height_wet_IB005.17","avg.sv.height","wet",17,"IB005"
0,"b",0.501845018450184,"3_11957546","00","avg.sv.height_wet_IB005.17","avg.sv.height","wet",17,"IB005"
0.312384822162369,"a",0.490774907749078,"3_11957546","11","avg.sv.height_wet_IB005.17","avg.sv.height","wet",17,"IB005"
0,"ab",0.420664206642066,"3_37233069","00","avg.sv.height_wet_IB005.17","avg.sv.height","wet",17,"IB005"
-0.274531327458737,"b",0.350553505535055,"3_37233069","11","avg.sv.height_wet_IB005.17","avg.sv.height","wet",17,"IB005"
0,"a",0.575645756457565,"2_3487841","00","avg.sv.height_wet_IB005.17","avg.sv.height","wet",17,"IB005"
-0.249901704430095,"a",0.416974169741697,"2_3487841","11","avg.sv.height_wet_IB005.17","avg.sv.height","wet",17,"IB005"
0,"a",0.569852941176471,"6_7805516","00","avg.sv.height_wet_IB005.18","avg.sv.height","wet",18,"IB005"
-0.359578503479998,"b",0.404411764705882,"6_7805516","11","avg.sv.height_wet_IB005.18","avg.sv.height","wet",18,"IB005"
0,"c",0.136029411764706,"9_53629615","00","avg.sv.height_wet_IB005.18","avg.sv.height","wet",18,"IB005"
-0.671316505258398,"b",0.860294117647059,"9_53629615","11","avg.sv.height_wet_IB005.18","avg.sv.height","wet",18,"IB005"
0,"b",0.783088235294118,"2_777852","00","avg.sv.height_wet_IB005.18","avg.sv.height","wet",18,"IB005"
-0.740669361639226,"a",0.0735294117647059,"2_777852","11","avg.sv.height_wet_IB005.18","avg.sv.height","wet",18,"IB005"
0,"a",0.363970588235294,"7_15664795","00","avg.sv.height_wet_IB005.18","avg.sv.height","wet",18,"IB005"
0.368739142465027,"b",0.496323529411765,"7_15664795","11","avg.sv.height_wet_IB005.18","avg.sv.height","wet",18,"IB005"
0,"b",0.341911764705882,"5_5894348","00","avg.sv.height_wet_IB005.18","avg.sv.height","wet",18,"IB005"
-0.427746623042748,"a",0.617647058823529,"5_5894348","11","avg.sv.height_wet_IB005.18","avg.sv.height","wet",18,"IB005"
0,"ab",0.5,"3_11968743","00","avg.sv.height_wet_IB005.18","avg.sv.height","wet",18,"IB005"
1.1327211817298,"b",0.474264705882353,"3_11968743","11","avg.sv.height_wet_IB005.18","avg.sv.height","wet",18,"IB005"
0,"b",0.573529411764706,"2_3487841","00","avg.sv.height_wet_IB005.18","avg.sv.height","wet",18,"IB005"
-0.309087160435404,"a",0.419117647058824,"2_3487841","11","avg.sv.height_wet_IB005.18","avg.sv.height","wet",18,"IB005"
0,"b",0.290441176470588,"2_5145760","00","avg.sv.height_wet_IB005.18","avg.sv.height","wet",18,"IB005"
-0.30758314238799,"a",0.683823529411765,"2_5145760","11","avg.sv.height_wet_IB005.18","avg.sv.height","wet",18,"IB005"
0,"ab",0.5,"3_11968879","00","avg.sv.height_wet_IB005.18","avg.sv.height","wet",18,"IB005"
-0.74764618793433,"b",0.477941176470588,"3_11968879","11","avg.sv.height_wet_IB005.18","avg.sv.height","wet",18,"IB005"
0,"a",0.775735294117647,"2_400138","00","avg.sv.height_wet_IB005.19","avg.sv.height","wet",19,"IB005"
-0.576981965657646,"b",0.216911764705882,"2_400138","11","avg.sv.height_wet_IB005.19","avg.sv.height","wet",19,"IB005"
0,"a",0.150735294117647,"9_53637621","00","avg.sv.height_wet_IB005.19","avg.sv.height","wet",19,"IB005"
-0.655100209152931,"b",0.845588235294118,"9_53637621","11","avg.sv.height_wet_IB005.19","avg.sv.height","wet",19,"IB005"
0,"b",0.511029411764706,"3_11996508","00","avg.sv.height_wet_IB005.19","avg.sv.height","wet",19,"IB005"
0.393486333748266,"a",0.485294117647059,"3_11996508","11","avg.sv.height_wet_IB005.19","avg.sv.height","wet",19,"IB005"
0,"b",0.341911764705882,"5_5894348","00","avg.sv.height_wet_IB005.19","avg.sv.height","wet",19,"IB005"
-0.447821529734738,"a",0.617647058823529,"5_5894348","11","avg.sv.height_wet_IB005.19","avg.sv.height","wet",19,"IB005"
0,"b",0.580882352941177,"2_3035081","00","avg.sv.height_wet_IB005.19","avg.sv.height","wet",19,"IB005"
-0.408526668280931,"a",0.411764705882353,"2_3035081","11","avg.sv.height_wet_IB005.19","avg.sv.height","wet",19,"IB005"
0,"b",0.363970588235294,"7_15664795","00","avg.sv.height_wet_IB005.19","avg.sv.height","wet",19,"IB005"
0.265031390976549,"a",0.496323529411765,"7_15664795","11","avg.sv.height_wet_IB005.19","avg.sv.height","wet",19,"IB005"
0,"b",0.606617647058823,"6_7741257","00","avg.sv.height_wet_IB005.19","avg.sv.height","wet",19,"IB005"
-0.286915121772585,"a",0.382352941176471,"6_7741257","11","avg.sv.height_wet_IB005.19","avg.sv.height","wet",19,"IB005"
0,"b",0.845588235294118,"2_560546","00","avg.sv.height_wet_IB005.19","avg.sv.height","wet",19,"IB005"
0.350512905321639,"a",0.147058823529412,"2_560546","11","avg.sv.height_wet_IB005.19","avg.sv.height","wet",19,"IB005"
0,"a",0.775735294117647,"2_400138","00","avg.sv.height_wet_IB005.20","avg.sv.height","wet",20,"IB005"
-0.748219691337009,"b",0.216911764705882,"2_400138","11","avg.sv.height_wet_IB005.20","avg.sv.height","wet",20,"IB005"
0,"b",0.569852941176471,"6_7805516","00","avg.sv.height_wet_IB005.20","avg.sv.height","wet",20,"IB005"
-0.371653699796536,"a",0.404411764705882,"6_7805516","11","avg.sv.height_wet_IB005.20","avg.sv.height","wet",20,"IB005"
0,"a",0.0882352941176471,"1_11078382","00","avg.sv.height_wet_IB005.20","avg.sv.height","wet",20,"IB005"
0.746244713408978,"b",0.786764705882353,"1_11078382","11","avg.sv.height_wet_IB005.20","avg.sv.height","wet",20,"IB005"
0,"a",0.533088235294118,"2_4246820","00","avg.sv.height_wet_IB005.20","avg.sv.height","wet",20,"IB005"
-0.234615464729601,"a",0.452205882352941,"2_4246820","11","avg.sv.height_wet_IB005.20","avg.sv.height","wet",20,"IB005"
0,"b",0.341911764705882,"5_5894348","00","avg.sv.height_wet_IB005.20","avg.sv.height","wet",20,"IB005"
-0.399325021151476,"a",0.617647058823529,"5_5894348","11","avg.sv.height_wet_IB005.20","avg.sv.height","wet",20,"IB005"
0,"b",0.5,"3_11968743","00","avg.sv.height_wet_IB005.20","avg.sv.height","wet",20,"IB005"
0.38526266596796,"a",0.474264705882353,"3_11968743","11","avg.sv.height_wet_IB005.20","avg.sv.height","wet",20,"IB005"
0,"b",0.150735294117647,"9_53637621","00","avg.sv.height_wet_IB005.20","avg.sv.height","wet",20,"IB005"
-0.486619468930935,"a",0.845588235294118,"9_53637621","11","avg.sv.height_wet_IB005.20","avg.sv.height","wet",20,"IB005"
0,"b",0.845588235294118,"2_560546","00","avg.sv.height_wet_IB005.20","avg.sv.height","wet",20,"IB005"
0.360455680142954,"a",0.147058823529412,"2_560546","11","avg.sv.height_wet_IB005.20","avg.sv.height","wet",20,"IB005"
0,"a",0.775735294117647,"2_400138","00","avg.sv.height_wet_IB005.21","avg.sv.height","wet",21,"IB005"
-0.759909241038203,"b",0.216911764705882,"2_400138","11","avg.sv.height_wet_IB005.21","avg.sv.height","wet",21,"IB005"
0,"b",0.139705882352941,"1_9974752","00","avg.sv.height_wet_IB005.21","avg.sv.height","wet",21,"IB005"
0.858675671233008,"a",0.735294117647059,"1_9974752","11","avg.sv.height_wet_IB005.21","avg.sv.height","wet",21,"IB005"
0,"b",0.569852941176471,"6_7805516","00","avg.sv.height_wet_IB005.21","avg.sv.height","wet",21,"IB005"
-0.386615817222939,"a",0.404411764705882,"6_7805516","11","avg.sv.height_wet_IB005.21","avg.sv.height","wet",21,"IB005"
0,"b",0.136029411764706,"9_53629615","00","avg.sv.height_wet_IB005.21","avg.sv.height","wet",21,"IB005"
-0.53683806399261,"a",0.860294117647059,"9_53629615","11","avg.sv.height_wet_IB005.21","avg.sv.height","wet",21,"IB005"
0,"b",0.5,"3_11968743","00","avg.sv.height_wet_IB005.21","avg.sv.height","wet",21,"IB005"
0.449985014252044,"a",0.474264705882353,"3_11968743","11","avg.sv.height_wet_IB005.21","avg.sv.height","wet",21,"IB005"
0,"b",0.341911764705882,"5_5894348","00","avg.sv.height_wet_IB005.21","avg.sv.height","wet",21,"IB005"
-0.316358677681038,"a",0.617647058823529,"5_5894348","11","avg.sv.height_wet_IB005.21","avg.sv.height","wet",21,"IB005"
0,"a",0.845588235294118,"2_560546","00","avg.sv.height_wet_IB005.21","avg.sv.height","wet",21,"IB005"
0.281489478310633,"a",0.147058823529412,"2_560546","11","avg.sv.height_wet_IB005.21","avg.sv.height","wet",21,"IB005"
0,"b",0.290441176470588,"2_5145760","00","avg.sv.height_wet_IB005.21","avg.sv.height","wet",21,"IB005"
-0.345210727598136,"a",0.683823529411765,"2_5145760","11","avg.sv.height_wet_IB005.21","avg.sv.height","wet",21,"IB005"
0,"b",0.363970588235294,"7_15664795","00","avg.sv.height_wet_IB005.21","avg.sv.height","wet",21,"IB005"
0.332718289042999,"a",0.496323529411765,"7_15664795","11","avg.sv.height_wet_IB005.21","avg.sv.height","wet",21,"IB005"
0,"a",0.775735294117647,"2_400138","00","avg.sv.height_wet_IB005.22","avg.sv.height","wet",22,"IB005"
-0.828440158366221,"b",0.216911764705882,"2_400138","11","avg.sv.height_wet_IB005.22","avg.sv.height","wet",22,"IB005"
0,"b",0.139705882352941,"1_9974752","00","avg.sv.height_wet_IB005.22","avg.sv.height","wet",22,"IB005"
0.645546461105615,"a",0.735294117647059,"1_9974752","11","avg.sv.height_wet_IB005.22","avg.sv.height","wet",22,"IB005"
0,"b",0.569852941176471,"6_7762608","00","avg.sv.height_wet_IB005.22","avg.sv.height","wet",22,"IB005"
-0.438761403110243,"a",0.404411764705882,"6_7762608","11","avg.sv.height_wet_IB005.22","avg.sv.height","wet",22,"IB005"
0,"b",0.845588235294118,"2_560546","00","avg.sv.height_wet_IB005.22","avg.sv.height","wet",22,"IB005"
0.50886614222303,"a",0.147058823529412,"2_560546","11","avg.sv.height_wet_IB005.22","avg.sv.height","wet",22,"IB005"
0,"b",0.360294117647059,"2_608736","00","avg.sv.height_wet_IB005.22","avg.sv.height","wet",22,"IB005"
0.349836570300506,"a",0.632352941176471,"2_608736","11","avg.sv.height_wet_IB005.22","avg.sv.height","wet",22,"IB005"
0,"b",0.5,"3_11968743","00","avg.sv.height_wet_IB005.22","avg.sv.height","wet",22,"IB005"
0.442436259679861,"a",0.474264705882353,"3_11968743","11","avg.sv.height_wet_IB005.22","avg.sv.height","wet",22,"IB005"
0,"b",0.352941176470588,"5_5896676","00","avg.sv.height_wet_IB005.22","avg.sv.height","wet",22,"IB005"
-0.34941443573281,"a",0.613970588235294,"5_5896676","11","avg.sv.height_wet_IB005.22","avg.sv.height","wet",22,"IB005"
0,"a",0.775735294117647,"2_400138","00","avg.sv.height_wet_IB005.23","avg.sv.height","wet",23,"IB005"
-0.657329053469514,"b",0.216911764705882,"2_400138","11","avg.sv.height_wet_IB005.23","avg.sv.height","wet",23,"IB005"
0,"b",0.139705882352941,"1_9974752","00","avg.sv.height_wet_IB005.23","avg.sv.height","wet",23,"IB005"
0.814362297381094,"a",0.735294117647059,"1_9974752","11","avg.sv.height_wet_IB005.23","avg.sv.height","wet",23,"IB005"
0,"b",0.845588235294118,"2_560546","00","avg.sv.height_wet_IB005.23","avg.sv.height","wet",23,"IB005"
0.683298316809677,"a",0.147058823529412,"2_560546","11","avg.sv.height_wet_IB005.23","avg.sv.height","wet",23,"IB005"
0,"b",0.577205882352941,"6_7743344","00","avg.sv.height_wet_IB005.23","avg.sv.height","wet",23,"IB005"
-0.314148275387081,"a",0.404411764705882,"6_7743344","11","avg.sv.height_wet_IB005.23","avg.sv.height","wet",23,"IB005"
0,"b",0.290441176470588,"2_5145760","00","avg.sv.height_wet_IB005.23","avg.sv.height","wet",23,"IB005"
-0.385836499255377,"a",0.683823529411765,"2_5145760","11","avg.sv.height_wet_IB005.23","avg.sv.height","wet",23,"IB005"
0,"b",0.5,"3_11968743","00","avg.sv.height_wet_IB005.23","avg.sv.height","wet",23,"IB005"
0.397460463398215,"a",0.474264705882353,"3_11968743","11","avg.sv.height_wet_IB005.23","avg.sv.height","wet",23,"IB005"
0,"b",0.360294117647059,"2_608736","00","avg.sv.height_wet_IB005.23","avg.sv.height","wet",23,"IB005"
0.380393218217755,"a",0.632352941176471,"2_608736","11","avg.sv.height_wet_IB005.23","avg.sv.height","wet",23,"IB005"
0,"b",0.474264705882353,"2_321164","00","avg.sv.height_wet_IB005.23","avg.sv.height","wet",23,"IB005"
-0.402994038007917,"a",0.525735294117647,"2_321164","11","avg.sv.height_wet_IB005.23","avg.sv.height","wet",23,"IB005"
0,"a",0.419117647058824,"3_37233069","00","avg.sv.height_wet_IB005.23","avg.sv.height","wet",23,"IB005"
-0.442715260601832,"b",0.352941176470588,"3_37233069","11","avg.sv.height_wet_IB005.23","avg.sv.height","wet",23,"IB005"
0,"a",0.140740740740741,"1_9974752","00","avg.sv.height_wet_IB005.24","avg.sv.height","wet",24,"IB005"
0.645810811277351,"b",0.737037037037037,"1_9974752","11","avg.sv.height_wet_IB005.24","avg.sv.height","wet",24,"IB005"
0,"b",0.777777777777778,"2_400138","00","avg.sv.height_wet_IB005.24","avg.sv.height","wet",24,"IB005"
-0.725868853469262,"a",0.214814814814815,"2_400138","11","avg.sv.height_wet_IB005.24","avg.sv.height","wet",24,"IB005"
0,"b",0.688888888888889,"6_6662072","00","avg.sv.height_wet_IB005.24","avg.sv.height","wet",24,"IB005"
-0.453647367306861,"a",0.3,"6_6662072","11","avg.sv.height_wet_IB005.24","avg.sv.height","wet",24,"IB005"
0,"b",0.5,"3_11968743","00","avg.sv.height_wet_IB005.24","avg.sv.height","wet",24,"IB005"
0.389321917947123,"a",0.474074074074074,"3_11968743","11","avg.sv.height_wet_IB005.24","avg.sv.height","wet",24,"IB005"
0,"b",0.844444444444444,"2_560546","00","avg.sv.height_wet_IB005.24","avg.sv.height","wet",24,"IB005"
0.920715938721863,"a",0.148148148148148,"2_560546","11","avg.sv.height_wet_IB005.24","avg.sv.height","wet",24,"IB005"
0,"b",0.885185185185185,"2_559024","00","avg.sv.height_wet_IB005.24","avg.sv.height","wet",24,"IB005"
-0.808712310731042,"a",0.111111111111111,"2_559024","11","avg.sv.height_wet_IB005.24","avg.sv.height","wet",24,"IB005"
0,"a",0.775735294117647,"2_400138","00","avg.sv.height_wet_IB005.25","avg.sv.height","wet",25,"IB005"
-0.842788033162256,"b",0.216911764705882,"2_400138","11","avg.sv.height_wet_IB005.25","avg.sv.height","wet",25,"IB005"
0,"a",0.139705882352941,"1_9974752","00","avg.sv.height_wet_IB005.25","avg.sv.height","wet",25,"IB005"
0.402944319844823,"a",0.735294117647059,"1_9974752","11","avg.sv.height_wet_IB005.25","avg.sv.height","wet",25,"IB005"
0,"b",0.6875,"6_6662072","00","avg.sv.height_wet_IB005.25","avg.sv.height","wet",25,"IB005"
-0.429981778302374,"a",0.301470588235294,"6_6662072","11","avg.sv.height_wet_IB005.25","avg.sv.height","wet",25,"IB005"
0,"b",0.5,"3_11968743","00","avg.sv.height_wet_IB005.25","avg.sv.height","wet",25,"IB005"
0.407831700130929,"a",0.474264705882353,"3_11968743","11","avg.sv.height_wet_IB005.25","avg.sv.height","wet",25,"IB005"
0,"b",0.360294117647059,"2_608736","00","avg.sv.height_wet_IB005.25","avg.sv.height","wet",25,"IB005"
0.285149958640153,"a",0.632352941176471,"2_608736","11","avg.sv.height_wet_IB005.25","avg.sv.height","wet",25,"IB005"
0,"b",0.0882352941176471,"1_11078382","00","avg.sv.height_wet_IB005.25","avg.sv.height","wet",25,"IB005"
1.33969101199395,"a",0.786764705882353,"1_11078382","11","avg.sv.height_wet_IB005.25","avg.sv.height","wet",25,"IB005"
0,"a",0.0882352941176471,"1_11078286","00","avg.sv.height_wet_IB005.25","avg.sv.height","wet",25,"IB005"
-0.771290535260518,"a",0.772058823529412,"1_11078286","11","avg.sv.height_wet_IB005.25","avg.sv.height","wet",25,"IB005"
0,"a",0.777173913043478,"2_400138","00","avg.sv.height_wet_IB005.26","avg.sv.height","wet",26,"IB005"
-0.601788105079151,"b",0.21195652173913,"2_400138","11","avg.sv.height_wet_IB005.26","avg.sv.height","wet",26,"IB005"
0,"b",0.141304347826087,"1_9974752","00","avg.sv.height_wet_IB005.26","avg.sv.height","wet",26,"IB005"
0.92837554656189,"a",0.706521739130435,"1_9974752","11","avg.sv.height_wet_IB005.26","avg.sv.height","wet",26,"IB005"
0,"a",0.812865497076023,"2_178348","00","avg.sv.height_wet_IB005.27","avg.sv.height","wet",27,"IB005"
-1.59462754642407,"b",0.181286549707602,"2_178348","11","avg.sv.height_wet_IB005.27","avg.sv.height","wet",27,"IB005"
0,"b",0.497076023391813,"2_321164","00","avg.sv.height_wet_IB005.27","avg.sv.height","wet",27,"IB005"
0.887230032834586,"a",0.491228070175439,"2_321164","11","avg.sv.height_wet_IB005.27","avg.sv.height","wet",27,"IB005"
0,"b",0.532163742690059,"3_11921682","00","avg.sv.height_wet_IB005.27","avg.sv.height","wet",27,"IB005"
0.915433742346642,"a",0.456140350877193,"3_11921682","11","avg.sv.height_wet_IB005.27","avg.sv.height","wet",27,"IB005"
0,"a",0.863436123348018,"2_779121","00","avg.sv.height_wet_IB005.28","avg.sv.height","wet",28,"IB005"
-2.4498867561198,"b",0.110132158590308,"2_779121","11","avg.sv.height_wet_IB005.28","avg.sv.height","wet",28,"IB005"
0,"b",0.158590308370044,"9_53629615","00","avg.sv.height_wet_IB005.28","avg.sv.height","wet",28,"IB005"
1.39981846145546,"a",0.837004405286344,"9_53629615","11","avg.sv.height_wet_IB005.28","avg.sv.height","wet",28,"IB005"
0,"a",0.52,"2_503416","00","avg.sv.height_wet_IB005.29","avg.sv.height","wet",29,"IB005"
-13.0883417448194,"b",0.47,"2_503416","11","avg.sv.height_wet_IB005.29","avg.sv.height","wet",29,"IB005"
0,"b",0.55,"2_396632","00","avg.sv.height_wet_IB005.29","avg.sv.height","wet",29,"IB005"
9.30531490217489,"a",0.45,"2_396632","11","avg.sv.height_wet_IB005.29","avg.sv.height","wet",29,"IB005"
0,"a",0.576470588235294,"3_11921682","00","avg.sv.height_wet_IB005.8","avg.sv.height","wet",8,"IB005"
-1.07550516095039,"b",0.423529411764706,"3_11921682","11","avg.sv.height_wet_IB005.8","avg.sv.height","wet",8,"IB005"
0,"b",0.705882352941177,"2_3486468","00","avg.sv.height_wet_IB005.8","avg.sv.height","wet",8,"IB005"
-1.56005771873171,"a",0.282352941176471,"2_3486468","11","avg.sv.height_wet_IB005.8","avg.sv.height","wet",8,"IB005"
0,"b",0.811764705882353,"2_2920386","00","avg.sv.height_wet_IB005.8","avg.sv.height","wet",8,"IB005"
1.2382084485449,"a",0.188235294117647,"2_2920386","11","avg.sv.height_wet_IB005.8","avg.sv.height","wet",8,"IB005"
0,"b",0.635294117647059,"9_53150856","00","avg.sv.height_wet_IB005.8","avg.sv.height","wet",8,"IB005"
0.852898334748842,"a",0.282352941176471,"9_53150856","11","avg.sv.height_wet_IB005.8","avg.sv.height","wet",8,"IB005"
0,"b",0.305882352941176,"1_10103844","00","avg.sv.height_wet_IB005.8","avg.sv.height","wet",8,"IB005"
-0.802314112930022,"ab",0.494117647058824,"1_10103844","11","avg.sv.height_wet_IB005.8","avg.sv.height","wet",8,"IB005"
0,"b",0.305882352941176,"1_11237198","00","avg.sv.height_wet_IB005.8","avg.sv.height","wet",8,"IB005"
0.266874007418435,"ab",0.494117647058824,"1_11237198","11","avg.sv.height_wet_IB005.8","avg.sv.height","wet",8,"IB005"
0,"a",0.836206896551724,"2_400138","00","avg.sv.height_wet_IB005.9","avg.sv.height","wet",9,"IB005"
-0.450133810326176,"b",0.155172413793103,"2_400138","11","avg.sv.height_wet_IB005.9","avg.sv.height","wet",9,"IB005"
0,"b",0.586206896551724,"2_3444697","00","avg.sv.height_wet_IB005.9","avg.sv.height","wet",9,"IB005"
-0.335088336374213,"a",0.40948275862069,"2_3444697","11","avg.sv.height_wet_IB005.9","avg.sv.height","wet",9,"IB005"
0,"b",0.655172413793103,"9_53149634","00","avg.sv.height_wet_IB005.9","avg.sv.height","wet",9,"IB005"
0.500576600443158,"a",0.336206896551724,"9_53149634","11","avg.sv.height_wet_IB005.9","avg.sv.height","wet",9,"IB005"
0,"b",0.616379310344828,"9_53143370","00","avg.sv.height_wet_IB005.9","avg.sv.height","wet",9,"IB005"
-0.447616156494162,"a",0.379310344827586,"9_53143370","11","avg.sv.height_wet_IB005.9","avg.sv.height","wet",9,"IB005"
0,"a",0.425438596491228,"5_5927463","00","avg.sv.height_wet_IB007.10","avg.sv.height","wet",10,"IB007"
-2.01157076544814,"b",0.570175438596491,"5_5927463","11","avg.sv.height_wet_IB007.10","avg.sv.height","wet",10,"IB007"
0,"b",0.245614035087719,"1_11316360","00","avg.sv.height_wet_IB007.10","avg.sv.height","wet",10,"IB007"
0.498655673131014,"a",0.657894736842105,"1_11316360","11","avg.sv.height_wet_IB007.10","avg.sv.height","wet",10,"IB007"
0,"b",0.429824561403509,"5_5911604","00","avg.sv.height_wet_IB007.10","avg.sv.height","wet",10,"IB007"
1.61142247080466,"a",0.557017543859649,"5_5911604","11","avg.sv.height_wet_IB007.10","avg.sv.height","wet",10,"IB007"
0,"b",0.640350877192982,"2_216367","00","avg.sv.height_wet_IB007.10","avg.sv.height","wet",10,"IB007"
-0.23374862653179,"a",0.350877192982456,"2_216367","11","avg.sv.height_wet_IB007.10","avg.sv.height","wet",10,"IB007"
0,"b",0.785087719298246,"6_29075320","00","avg.sv.height_wet_IB007.10","avg.sv.height","wet",10,"IB007"
0.297895235043154,"a",0.206140350877193,"6_29075320","11","avg.sv.height_wet_IB007.10","avg.sv.height","wet",10,"IB007"
0,"b",0.539473684210526,"9_53144368","00","avg.sv.height_wet_IB007.10","avg.sv.height","wet",10,"IB007"
0.73156796370853,"a",0.447368421052632,"9_53144368","11","avg.sv.height_wet_IB007.10","avg.sv.height","wet",10,"IB007"
0,"b",0.609649122807018,"9_53146475","00","avg.sv.height_wet_IB007.10","avg.sv.height","wet",10,"IB007"
-0.53611982815643,"a",0.381578947368421,"9_53146475","11","avg.sv.height_wet_IB007.10","avg.sv.height","wet",10,"IB007"
0,"a",0.552631578947368,"9_53144368","00","avg.sv.height_wet_IB007.11","avg.sv.height","wet",11,"IB007"
0.298657182493582,"b",0.43609022556391,"9_53144368","11","avg.sv.height_wet_IB007.11","avg.sv.height","wet",11,"IB007"
0,"b",0.368421052631579,"2_617265","00","avg.sv.height_wet_IB007.11","avg.sv.height","wet",11,"IB007"
-0.366072081150612,"a",0.62406015037594,"2_617265","11","avg.sv.height_wet_IB007.11","avg.sv.height","wet",11,"IB007"
0,"b",0.390977443609023,"5_5897646","00","avg.sv.height_wet_IB007.11","avg.sv.height","wet",11,"IB007"
-0.286453527622565,"a",0.597744360902256,"5_5897646","11","avg.sv.height_wet_IB007.11","avg.sv.height","wet",11,"IB007"
0,"b",0.274436090225564,"2_5147243","00","avg.sv.height_wet_IB007.11","avg.sv.height","wet",11,"IB007"
-0.264624969588087,"a",0.714285714285714,"2_5147243","11","avg.sv.height_wet_IB007.11","avg.sv.height","wet",11,"IB007"
0,"b",0.473684210526316,"3_37235605","00","avg.sv.height_wet_IB007.11","avg.sv.height","wet",11,"IB007"
-0.299819528659388,"a",0.296992481203008,"3_37235605","11","avg.sv.height_wet_IB007.11","avg.sv.height","wet",11,"IB007"
0,"b",0.642857142857143,"7_22804072","00","avg.sv.height_wet_IB007.11","avg.sv.height","wet",11,"IB007"
0.229205741600416,"a",0.334586466165414,"7_22804072","11","avg.sv.height_wet_IB007.11","avg.sv.height","wet",11,"IB007"
0,"c",0.150375939849624,"1_11078770","00","avg.sv.height_wet_IB007.11","avg.sv.height","wet",11,"IB007"
1.91243773254053,"b",0.691729323308271,"1_11078770","11","avg.sv.height_wet_IB007.11","avg.sv.height","wet",11,"IB007"
0,"b",0.176691729323308,"1_11078793","00","avg.sv.height_wet_IB007.11","avg.sv.height","wet",11,"IB007"
-1.57773459740957,"a",0.684210526315789,"1_11078793","11","avg.sv.height_wet_IB007.11","avg.sv.height","wet",11,"IB007"
0,"b",0.725563909774436,"6_29050719","00","avg.sv.height_wet_IB007.11","avg.sv.height","wet",11,"IB007"
0.219964798986446,"a",0.266917293233083,"6_29050719","11","avg.sv.height_wet_IB007.11","avg.sv.height","wet",11,"IB007"
0,"a",0.785454545454545,"2_400138","00","avg.sv.height_wet_IB007.12","avg.sv.height","wet",12,"IB007"
-0.296761461085252,"b",0.207272727272727,"2_400138","11","avg.sv.height_wet_IB007.12","avg.sv.height","wet",12,"IB007"
0,"b",0.294545454545455,"2_5143639","00","avg.sv.height_wet_IB007.12","avg.sv.height","wet",12,"IB007"
-0.356694742420579,"a",0.687272727272727,"2_5143639","11","avg.sv.height_wet_IB007.12","avg.sv.height","wet",12,"IB007"
0,"b",0.643636363636364,"9_53150395","00","avg.sv.height_wet_IB007.12","avg.sv.height","wet",12,"IB007"
0.277055398216905,"a",0.345454545454545,"9_53150395","11","avg.sv.height_wet_IB007.12","avg.sv.height","wet",12,"IB007"
0,"a",0.141818181818182,"1_9974752","00","avg.sv.height_wet_IB007.12","avg.sv.height","wet",12,"IB007"
0.784355219807013,"b",0.730909090909091,"1_9974752","11","avg.sv.height_wet_IB007.12","avg.sv.height","wet",12,"IB007"
0,"b",0.461818181818182,"3_37236181","00","avg.sv.height_wet_IB007.12","avg.sv.height","wet",12,"IB007"
-0.361414879816525,"a",0.323636363636364,"3_37236181","11","avg.sv.height_wet_IB007.12","avg.sv.height","wet",12,"IB007"
0,"b",0.72,"6_29082613","00","avg.sv.height_wet_IB007.12","avg.sv.height","wet",12,"IB007"
0.286772882126814,"a",0.272727272727273,"6_29082613","11","avg.sv.height_wet_IB007.12","avg.sv.height","wet",12,"IB007"
0,"b",0.650909090909091,"7_22804072","00","avg.sv.height_wet_IB007.12","avg.sv.height","wet",12,"IB007"
0.265996871757602,"a",0.327272727272727,"7_22804072","11","avg.sv.height_wet_IB007.12","avg.sv.height","wet",12,"IB007"
0,"c",0.36,"2_617265","00","avg.sv.height_wet_IB007.12","avg.sv.height","wet",12,"IB007"
-0.251598676073996,"b",0.632727272727273,"2_617265","11","avg.sv.height_wet_IB007.12","avg.sv.height","wet",12,"IB007"
0,"b",0.16,"1_10103844","00","avg.sv.height_wet_IB007.12","avg.sv.height","wet",12,"IB007"
-0.442426422242402,"a",0.683636363636364,"1_10103844","11","avg.sv.height_wet_IB007.12","avg.sv.height","wet",12,"IB007"
0,"a",0.27536231884058,"2_5143916","00","avg.sv.height_wet_IB007.13","avg.sv.height","wet",13,"IB007"
-0.255581574021669,"b",0.706521739130435,"2_5143916","11","avg.sv.height_wet_IB007.13","avg.sv.height","wet",13,"IB007"
0,"a",0.782608695652174,"2_400138","00","avg.sv.height_wet_IB007.13","avg.sv.height","wet",13,"IB007"
-0.129858439392511,"a",0.210144927536232,"2_400138","11","avg.sv.height_wet_IB007.13","avg.sv.height","wet",13,"IB007"
0,"b",0.590579710144927,"9_53147389","00","avg.sv.height_wet_IB007.13","avg.sv.height","wet",13,"IB007"
0.380501537493048,"a",0.398550724637681,"9_53147389","11","avg.sv.height_wet_IB007.13","avg.sv.height","wet",13,"IB007"
0,"b",0.557971014492754,"3_12020375","00","avg.sv.height_wet_IB007.13","avg.sv.height","wet",13,"IB007"
0.218595338286655,"a",0.431159420289855,"3_12020375","11","avg.sv.height_wet_IB007.13","avg.sv.height","wet",13,"IB007"
0,"b",0.445652173913043,"3_37234607","00","avg.sv.height_wet_IB007.13","avg.sv.height","wet",13,"IB007"
-0.27434017355259,"a",0.315217391304348,"3_37234607","11","avg.sv.height_wet_IB007.13","avg.sv.height","wet",13,"IB007"
0,"b",0.503623188405797,"2_4302226","00","avg.sv.height_wet_IB007.13","avg.sv.height","wet",13,"IB007"
-0.272789264233078,"a",0.478260869565217,"2_4302226","11","avg.sv.height_wet_IB007.13","avg.sv.height","wet",13,"IB007"
0,"b",0.373188405797101,"5_5922294","00","avg.sv.height_wet_IB007.13","avg.sv.height","wet",13,"IB007"
-0.267326261820152,"a",0.626811594202899,"5_5922294","11","avg.sv.height_wet_IB007.13","avg.sv.height","wet",13,"IB007"
0,"b",0.721014492753623,"6_29082613","00","avg.sv.height_wet_IB007.13","avg.sv.height","wet",13,"IB007"
0.347981625947293,"a",0.271739130434783,"6_29082613","11","avg.sv.height_wet_IB007.13","avg.sv.height","wet",13,"IB007"
0,"b",0.793478260869565,"2_779121","00","avg.sv.height_wet_IB007.13","avg.sv.height","wet",13,"IB007"
-0.549142120076921,"a",0.144927536231884,"2_779121","11","avg.sv.height_wet_IB007.13","avg.sv.height","wet",13,"IB007"
0,"a",0.793478260869565,"2_779121","00","avg.sv.height_wet_IB007.14","avg.sv.height","wet",14,"IB007"
-0.764240569473323,"b",0.144927536231884,"2_779121","11","avg.sv.height_wet_IB007.14","avg.sv.height","wet",14,"IB007"
0,"b",0.503623188405797,"2_4302226","00","avg.sv.height_wet_IB007.14","avg.sv.height","wet",14,"IB007"
-0.366095718143115,"a",0.478260869565217,"2_4302226","11","avg.sv.height_wet_IB007.14","avg.sv.height","wet",14,"IB007"
0,"b",0.590579710144927,"9_53147389","00","avg.sv.height_wet_IB007.14","avg.sv.height","wet",14,"IB007"
0.772158644536441,"a",0.398550724637681,"9_53147389","11","avg.sv.height_wet_IB007.14","avg.sv.height","wet",14,"IB007"
0,"b",0.373188405797101,"5_5922294","00","avg.sv.height_wet_IB007.14","avg.sv.height","wet",14,"IB007"
-0.314302094593893,"a",0.626811594202899,"5_5922294","11","avg.sv.height_wet_IB007.14","avg.sv.height","wet",14,"IB007"
0,"b",0.778985507246377,"6_29092329","00","avg.sv.height_wet_IB007.14","avg.sv.height","wet",14,"IB007"
0.22000579435438,"a",0.217391304347826,"6_29092329","11","avg.sv.height_wet_IB007.14","avg.sv.height","wet",14,"IB007"
0,"b",0.420289855072464,"3_37233311","00","avg.sv.height_wet_IB007.14","avg.sv.height","wet",14,"IB007"
-0.318924918495025,"a",0.36231884057971,"3_37233311","11","avg.sv.height_wet_IB007.14","avg.sv.height","wet",14,"IB007"
0,"b",0.547101449275362,"3_11996497","00","avg.sv.height_wet_IB007.14","avg.sv.height","wet",14,"IB007"
0.286473886432542,"a",0.445652173913043,"3_11996497","11","avg.sv.height_wet_IB007.14","avg.sv.height","wet",14,"IB007"
0,"b",0.880434782608696,"2_558691","00","avg.sv.height_wet_IB007.14","avg.sv.height","wet",14,"IB007"
0.300961333656329,"a",0.115942028985507,"2_558691","11","avg.sv.height_wet_IB007.14","avg.sv.height","wet",14,"IB007"
0,"a",0.623188405797101,"9_53146475","00","avg.sv.height_wet_IB007.14","avg.sv.height","wet",14,"IB007"
-0.497141911660877,"b",0.369565217391304,"9_53146475","11","avg.sv.height_wet_IB007.14","avg.sv.height","wet",14,"IB007"
0,"a",0.782608695652174,"2_400138","00","avg.sv.height_wet_IB007.15","avg.sv.height","wet",15,"IB007"
-0.671915364071128,"b",0.210144927536232,"2_400138","11","avg.sv.height_wet_IB007.15","avg.sv.height","wet",15,"IB007"
0,"b",0.536231884057971,"2_4243288","00","avg.sv.height_wet_IB007.15","avg.sv.height","wet",15,"IB007"
-0.389206390944657,"a",0.449275362318841,"2_4243288","11","avg.sv.height_wet_IB007.15","avg.sv.height","wet",15,"IB007"
0,"b",0.590579710144927,"9_53147389","00","avg.sv.height_wet_IB007.15","avg.sv.height","wet",15,"IB007"
0.877969295646442,"a",0.398550724637681,"9_53147389","11","avg.sv.height_wet_IB007.15","avg.sv.height","wet",15,"IB007"
0,"b",0.547101449275362,"3_11996497","00","avg.sv.height_wet_IB007.15","avg.sv.height","wet",15,"IB007"
0.43091922038506,"a",0.445652173913043,"3_11996497","11","avg.sv.height_wet_IB007.15","avg.sv.height","wet",15,"IB007"
0,"b",0.311594202898551,"5_5906742","00","avg.sv.height_wet_IB007.15","avg.sv.height","wet",15,"IB007"
-0.312763259492493,"a",0.608695652173913,"5_5906742","11","avg.sv.height_wet_IB007.15","avg.sv.height","wet",15,"IB007"
0,"a",0.623188405797101,"9_53146475","00","avg.sv.height_wet_IB007.15","avg.sv.height","wet",15,"IB007"
-0.636484834243845,"b",0.369565217391304,"9_53146475","11","avg.sv.height_wet_IB007.15","avg.sv.height","wet",15,"IB007"
0,"b",0.445652173913043,"3_37233565","00","avg.sv.height_wet_IB007.15","avg.sv.height","wet",15,"IB007"
-0.371521039304478,"a",0.315217391304348,"3_37233565","11","avg.sv.height_wet_IB007.15","avg.sv.height","wet",15,"IB007"
0,"c",0.144927536231884,"1_11078770","00","avg.sv.height_wet_IB007.15","avg.sv.height","wet",15,"IB007"
1.07200876276688,"b",0.702898550724638,"1_11078770","11","avg.sv.height_wet_IB007.15","avg.sv.height","wet",15,"IB007"
0,"b",0.159420289855072,"1_10103844","00","avg.sv.height_wet_IB007.15","avg.sv.height","wet",15,"IB007"
-0.780086058107821,"a",0.684782608695652,"1_10103844","11","avg.sv.height_wet_IB007.15","avg.sv.height","wet",15,"IB007"
0,"a",0.782608695652174,"2_400138","00","avg.sv.height_wet_IB007.16","avg.sv.height","wet",16,"IB007"
-0.575929296841643,"b",0.210144927536232,"2_400138","11","avg.sv.height_wet_IB007.16","avg.sv.height","wet",16,"IB007"
0,"b",0.557971014492754,"3_12020560","00","avg.sv.height_wet_IB007.16","avg.sv.height","wet",16,"IB007"
0.432512321734311,"a",0.431159420289855,"3_12020560","11","avg.sv.height_wet_IB007.16","avg.sv.height","wet",16,"IB007"
0,"b",0.460144927536232,"3_37236181","00","avg.sv.height_wet_IB007.16","avg.sv.height","wet",16,"IB007"
-0.435474071143113,"a",0.326086956521739,"3_37236181","11","avg.sv.height_wet_IB007.16","avg.sv.height","wet",16,"IB007"
0,"b",0.536231884057971,"2_4243288","00","avg.sv.height_wet_IB007.16","avg.sv.height","wet",16,"IB007"
-0.300531000652393,"a",0.449275362318841,"2_4243288","11","avg.sv.height_wet_IB007.16","avg.sv.height","wet",16,"IB007"
0,"b",0.851449275362319,"2_560546","00","avg.sv.height_wet_IB007.16","avg.sv.height","wet",16,"IB007"
0.421911069204151,"a",0.141304347826087,"2_560546","11","avg.sv.height_wet_IB007.16","avg.sv.height","wet",16,"IB007"
0,"b",0.699275362318841,"6_6662072","00","avg.sv.height_wet_IB007.16","avg.sv.height","wet",16,"IB007"
-0.285611167917783,"a",0.289855072463768,"6_6662072","11","avg.sv.height_wet_IB007.16","avg.sv.height","wet",16,"IB007"
0,"b",0.590579710144927,"9_53147389","00","avg.sv.height_wet_IB007.16","avg.sv.height","wet",16,"IB007"
0.845955165588056,"a",0.398550724637681,"9_53147389","11","avg.sv.height_wet_IB007.16","avg.sv.height","wet",16,"IB007"
0,"b",0.623188405797101,"9_53146475","00","avg.sv.height_wet_IB007.16","avg.sv.height","wet",16,"IB007"
-0.641585232629246,"a",0.369565217391304,"9_53146475","11","avg.sv.height_wet_IB007.16","avg.sv.height","wet",16,"IB007"
0,"b",0.355072463768116,"5_5894348","00","avg.sv.height_wet_IB007.16","avg.sv.height","wet",16,"IB007"
-0.267231253483809,"a",0.605072463768116,"5_5894348","11","avg.sv.height_wet_IB007.16","avg.sv.height","wet",16,"IB007"
0,"a",0.782608695652174,"2_400138","00","avg.sv.height_wet_IB007.17","avg.sv.height","wet",17,"IB007"
-0.590196909793745,"b",0.210144927536232,"2_400138","11","avg.sv.height_wet_IB007.17","avg.sv.height","wet",17,"IB007"
0,"b",0.293478260869565,"2_5143639","00","avg.sv.height_wet_IB007.17","avg.sv.height","wet",17,"IB007"
-0.333323906599577,"a",0.688405797101449,"2_5143639","11","avg.sv.height_wet_IB007.17","avg.sv.height","wet",17,"IB007"
0,"b",0.590579710144927,"9_53147389","00","avg.sv.height_wet_IB007.17","avg.sv.height","wet",17,"IB007"
0.838411895194135,"a",0.398550724637681,"9_53147389","11","avg.sv.height_wet_IB007.17","avg.sv.height","wet",17,"IB007"
0,"b",0.851449275362319,"2_560546","00","avg.sv.height_wet_IB007.17","avg.sv.height","wet",17,"IB007"
0.49714070618029,"a",0.141304347826087,"2_560546","11","avg.sv.height_wet_IB007.17","avg.sv.height","wet",17,"IB007"
0,"b",0.510869565217391,"3_11994405","00","avg.sv.height_wet_IB007.17","avg.sv.height","wet",17,"IB007"
0.361943313886784,"a",0.481884057971014,"3_11994405","11","avg.sv.height_wet_IB007.17","avg.sv.height","wet",17,"IB007"
0,"b",0.452898550724638,"3_37236396","00","avg.sv.height_wet_IB007.17","avg.sv.height","wet",17,"IB007"
-0.417207144763529,"a",0.315217391304348,"3_37236396","11","avg.sv.height_wet_IB007.17","avg.sv.height","wet",17,"IB007"
0,"b",0.547101449275362,"2_4246820","00","avg.sv.height_wet_IB007.17","avg.sv.height","wet",17,"IB007"
-0.285588301306417,"a",0.438405797101449,"2_4246820","11","avg.sv.height_wet_IB007.17","avg.sv.height","wet",17,"IB007"
0,"b",0.66304347826087,"7_22801533","00","avg.sv.height_wet_IB007.17","avg.sv.height","wet",17,"IB007"
0.238322591990498,"a",0.33695652173913,"7_22801533","11","avg.sv.height_wet_IB007.17","avg.sv.height","wet",17,"IB007"
0,"b",0.623188405797101,"9_53146475","00","avg.sv.height_wet_IB007.17","avg.sv.height","wet",17,"IB007"
-0.519197265248157,"a",0.369565217391304,"9_53146475","11","avg.sv.height_wet_IB007.17","avg.sv.height","wet",17,"IB007"
0,"a",0.764492753623188,"2_178348","00","avg.sv.height_wet_IB007.18","avg.sv.height","wet",18,"IB007"
-0.56933415015115,"b",0.231884057971014,"2_178348","11","avg.sv.height_wet_IB007.18","avg.sv.height","wet",18,"IB007"
0,"b",0.536231884057971,"2_4243288","00","avg.sv.height_wet_IB007.18","avg.sv.height","wet",18,"IB007"
-0.465426220543392,"a",0.449275362318841,"2_4243288","11","avg.sv.height_wet_IB007.18","avg.sv.height","wet",18,"IB007"
0,"b",0.88768115942029,"2_560740","00","avg.sv.height_wet_IB007.18","avg.sv.height","wet",18,"IB007"
0.484025042941446,"a",0.11231884057971,"2_560740","11","avg.sv.height_wet_IB007.18","avg.sv.height","wet",18,"IB007"
0,"b",0.695652173913043,"7_22933927","00","avg.sv.height_wet_IB007.18","avg.sv.height","wet",18,"IB007"
0.387723954875929,"a",0.300724637681159,"7_22933927","11","avg.sv.height_wet_IB007.18","avg.sv.height","wet",18,"IB007"
0,"b",0.456521739130435,"3_37235248","00","avg.sv.height_wet_IB007.18","avg.sv.height","wet",18,"IB007"
-0.362470764699534,"a",0.318840579710145,"3_37235248","11","avg.sv.height_wet_IB007.18","avg.sv.height","wet",18,"IB007"
0,"b",0.532608695652174,"3_11823995","00","avg.sv.height_wet_IB007.18","avg.sv.height","wet",18,"IB007"
0.349175129235792,"a",0.463768115942029,"3_11823995","11","avg.sv.height_wet_IB007.18","avg.sv.height","wet",18,"IB007"
0,"a",0.36231884057971,"7_15664795","00","avg.sv.height_wet_IB007.18","avg.sv.height","wet",18,"IB007"
0.304473068622245,"b",0.496376811594203,"7_15664795","11","avg.sv.height_wet_IB007.18","avg.sv.height","wet",18,"IB007"
0,"b",0.311594202898551,"5_5906742","00","avg.sv.height_wet_IB007.18","avg.sv.height","wet",18,"IB007"
-0.295043254119745,"a",0.608695652173913,"5_5906742","11","avg.sv.height_wet_IB007.18","avg.sv.height","wet",18,"IB007"
0,"b",0.134057971014493,"9_53629615","00","avg.sv.height_wet_IB007.18","avg.sv.height","wet",18,"IB007"
-0.430161792305201,"a",0.86231884057971,"9_53629615","11","avg.sv.height_wet_IB007.18","avg.sv.height","wet",18,"IB007"
0,"a",0.782608695652174,"2_400138","00","avg.sv.height_wet_IB007.19","avg.sv.height","wet",19,"IB007"
-0.58812396517984,"b",0.210144927536232,"2_400138","11","avg.sv.height_wet_IB007.19","avg.sv.height","wet",19,"IB007"
0,"b",0.880434782608696,"2_558691","00","avg.sv.height_wet_IB007.19","avg.sv.height","wet",19,"IB007"
0.620741868719287,"a",0.115942028985507,"2_558691","11","avg.sv.height_wet_IB007.19","avg.sv.height","wet",19,"IB007"
0,"b",0.27536231884058,"2_5143916","00","avg.sv.height_wet_IB007.19","avg.sv.height","wet",19,"IB007"
-0.381728265773055,"a",0.706521739130435,"2_5143916","11","avg.sv.height_wet_IB007.19","avg.sv.height","wet",19,"IB007"
0,"b",0.141304347826087,"1_9974752","00","avg.sv.height_wet_IB007.19","avg.sv.height","wet",19,"IB007"
0.739099670470543,"a",0.731884057971015,"1_9974752","11","avg.sv.height_wet_IB007.19","avg.sv.height","wet",19,"IB007"
0,"b",0.445652173913043,"3_37234607","00","avg.sv.height_wet_IB007.19","avg.sv.height","wet",19,"IB007"
-0.566738018226146,"a",0.315217391304348,"3_37234607","11","avg.sv.height_wet_IB007.19","avg.sv.height","wet",19,"IB007"
0,"b",0.134057971014493,"9_53629615","00","avg.sv.height_wet_IB007.19","avg.sv.height","wet",19,"IB007"
-0.540678873215954,"a",0.86231884057971,"9_53629615","11","avg.sv.height_wet_IB007.19","avg.sv.height","wet",19,"IB007"
0,"b",0.510869565217391,"3_11968743","00","avg.sv.height_wet_IB007.19","avg.sv.height","wet",19,"IB007"
0.432767838093403,"a",0.460144927536232,"3_11968743","11","avg.sv.height_wet_IB007.19","avg.sv.height","wet",19,"IB007"
0,"a",0.66304347826087,"2_3322018","00","avg.sv.height_wet_IB007.19","avg.sv.height","wet",19,"IB007"
-0.362115662603326,"b",0.326086956521739,"2_3322018","11","avg.sv.height_wet_IB007.19","avg.sv.height","wet",19,"IB007"
0,"b",0.590579710144927,"9_53147389","00","avg.sv.height_wet_IB007.19","avg.sv.height","wet",19,"IB007"
0.25661786450397,"a",0.398550724637681,"9_53147389","11","avg.sv.height_wet_IB007.19","avg.sv.height","wet",19,"IB007"
0,"a",0.764492753623188,"2_178348","00","avg.sv.height_wet_IB007.20","avg.sv.height","wet",20,"IB007"
-0.63516815270889,"b",0.231884057971014,"2_178348","11","avg.sv.height_wet_IB007.20","avg.sv.height","wet",20,"IB007"
0,"b",0.590579710144927,"9_53147389","00","avg.sv.height_wet_IB007.20","avg.sv.height","wet",20,"IB007"
0.881370070441961,"a",0.398550724637681,"9_53147389","11","avg.sv.height_wet_IB007.20","avg.sv.height","wet",20,"IB007"
0,"b",0.547101449275362,"3_11996497","00","avg.sv.height_wet_IB007.20","avg.sv.height","wet",20,"IB007"
0.500489764557926,"a",0.445652173913043,"3_11996497","11","avg.sv.height_wet_IB007.20","avg.sv.height","wet",20,"IB007"
0,"b",0.355072463768116,"5_5894348","00","avg.sv.height_wet_IB007.20","avg.sv.height","wet",20,"IB007"
-0.414470219833135,"a",0.605072463768116,"5_5894348","11","avg.sv.height_wet_IB007.20","avg.sv.height","wet",20,"IB007"
0,"b",0.670289855072464,"2_3065868","00","avg.sv.height_wet_IB007.20","avg.sv.height","wet",20,"IB007"
-0.446873551437942,"a",0.322463768115942,"2_3065868","11","avg.sv.height_wet_IB007.20","avg.sv.height","wet",20,"IB007"
0,"b",0.880434782608696,"2_558691","00","avg.sv.height_wet_IB007.20","avg.sv.height","wet",20,"IB007"
0.596015162068932,"a",0.115942028985507,"2_558691","11","avg.sv.height_wet_IB007.20","avg.sv.height","wet",20,"IB007"
0,"b",0.623188405797101,"9_53146475","00","avg.sv.height_wet_IB007.20","avg.sv.height","wet",20,"IB007"
-0.57453872357019,"a",0.369565217391304,"9_53146475","11","avg.sv.height_wet_IB007.20","avg.sv.height","wet",20,"IB007"
0,"b",0.289855072463768,"2_5145706","00","avg.sv.height_wet_IB007.20","avg.sv.height","wet",20,"IB007"
-0.313579584399782,"a",0.699275362318841,"2_5145706","11","avg.sv.height_wet_IB007.20","avg.sv.height","wet",20,"IB007"
0,"b",0.452898550724638,"3_37236396","00","avg.sv.height_wet_IB007.20","avg.sv.height","wet",20,"IB007"
-0.357742340020839,"a",0.315217391304348,"3_37236396","11","avg.sv.height_wet_IB007.20","avg.sv.height","wet",20,"IB007"
0,"a",0.782608695652174,"2_400138","00","avg.sv.height_wet_IB007.21","avg.sv.height","wet",21,"IB007"
-0.80308992392653,"b",0.210144927536232,"2_400138","11","avg.sv.height_wet_IB007.21","avg.sv.height","wet",21,"IB007"
0,"b",0.547101449275362,"3_11996497","00","avg.sv.height_wet_IB007.21","avg.sv.height","wet",21,"IB007"
0.522605685313385,"a",0.445652173913043,"3_11996497","11","avg.sv.height_wet_IB007.21","avg.sv.height","wet",21,"IB007"
0,"b",0.485507246376812,"2_3353375","00","avg.sv.height_wet_IB007.21","avg.sv.height","wet",21,"IB007"
-0.521323705192793,"a",0.438405797101449,"2_3353375","11","avg.sv.height_wet_IB007.21","avg.sv.height","wet",21,"IB007"
0,"b",0.880434782608696,"2_558691","00","avg.sv.height_wet_IB007.21","avg.sv.height","wet",21,"IB007"
0.63174959460638,"a",0.115942028985507,"2_558691","11","avg.sv.height_wet_IB007.21","avg.sv.height","wet",21,"IB007"
0,"b",0.590579710144927,"9_53147389","00","avg.sv.height_wet_IB007.21","avg.sv.height","wet",21,"IB007"
1.01444340839449,"a",0.398550724637681,"9_53147389","11","avg.sv.height_wet_IB007.21","avg.sv.height","wet",21,"IB007"
0,"c",0.623188405797101,"9_53146475","00","avg.sv.height_wet_IB007.21","avg.sv.height","wet",21,"IB007"
-0.730097949815617,"b",0.369565217391304,"9_53146475","11","avg.sv.height_wet_IB007.21","avg.sv.height","wet",21,"IB007"
0,"c",0.695652173913043,"7_22933927","00","avg.sv.height_wet_IB007.21","avg.sv.height","wet",21,"IB007"
0.266234450180783,"b",0.300724637681159,"7_22933927","11","avg.sv.height_wet_IB007.21","avg.sv.height","wet",21,"IB007"
0,"b",0.742753623188406,"6_29094619","00","avg.sv.height_wet_IB007.21","avg.sv.height","wet",21,"IB007"
0.309548743628459,"a",0.253623188405797,"6_29094619","11","avg.sv.height_wet_IB007.21","avg.sv.height","wet",21,"IB007"
0,"b",0.0905797101449275,"1_11078575","00","avg.sv.height_wet_IB007.21","avg.sv.height","wet",21,"IB007"
0.631014274463522,"a",0.771739130434783,"1_11078575","11","avg.sv.height_wet_IB007.21","avg.sv.height","wet",21,"IB007"
0,"a",0.782608695652174,"2_400138","00","avg.sv.height_wet_IB007.22","avg.sv.height","wet",22,"IB007"
-0.854517186195995,"b",0.210144927536232,"2_400138","11","avg.sv.height_wet_IB007.22","avg.sv.height","wet",22,"IB007"
0,"b",0.547101449275362,"3_11996497","00","avg.sv.height_wet_IB007.22","avg.sv.height","wet",22,"IB007"
0.478998858052065,"a",0.445652173913043,"3_11996497","11","avg.sv.height_wet_IB007.22","avg.sv.height","wet",22,"IB007"
0,"a",0.384057971014493,"5_5928135","00","avg.sv.height_wet_IB007.22","avg.sv.height","wet",22,"IB007"
-0.399710810669973,"b",0.61231884057971,"5_5928135","11","avg.sv.height_wet_IB007.22","avg.sv.height","wet",22,"IB007"
0,"b",0.615942028985507,"6_7741257","00","avg.sv.height_wet_IB007.22","avg.sv.height","wet",22,"IB007"
-0.404904408968655,"a",0.373188405797101,"6_7741257","11","avg.sv.height_wet_IB007.22","avg.sv.height","wet",22,"IB007"
0,"a",0.416666666666667,"3_37233069","00","avg.sv.height_wet_IB007.22","avg.sv.height","wet",22,"IB007"
-0.343319850774661,"b",0.355072463768116,"3_37233069","11","avg.sv.height_wet_IB007.22","avg.sv.height","wet",22,"IB007"
0,"b",0.880434782608696,"2_558691","00","avg.sv.height_wet_IB007.22","avg.sv.height","wet",22,"IB007"
0.426253998566696,"a",0.115942028985507,"2_558691","11","avg.sv.height_wet_IB007.22","avg.sv.height","wet",22,"IB007"
0,"b",0.547101449275362,"2_4246820","00","avg.sv.height_wet_IB007.22","avg.sv.height","wet",22,"IB007"
-0.294347353129493,"a",0.438405797101449,"2_4246820","11","avg.sv.height_wet_IB007.22","avg.sv.height","wet",22,"IB007"
0,"b",0.590579710144927,"9_53147389","00","avg.sv.height_wet_IB007.22","avg.sv.height","wet",22,"IB007"
0.32946423133925,"a",0.398550724637681,"9_53147389","11","avg.sv.height_wet_IB007.22","avg.sv.height","wet",22,"IB007"
0,"b",0.695652173913043,"7_22933927","00","avg.sv.height_wet_IB007.22","avg.sv.height","wet",22,"IB007"
0.285100077070205,"a",0.300724637681159,"7_22933927","11","avg.sv.height_wet_IB007.22","avg.sv.height","wet",22,"IB007"
0,"a",0.550335570469799,"3_37233565","00","avg.sv.height_wet_IB007.9","avg.sv.height","wet",9,"IB007"
-0.473681003381473,"a",0.221476510067114,"3_37233565","11","avg.sv.height_wet_IB007.9","avg.sv.height","wet",9,"IB007"
0,"b",0.697986577181208,"2_517840","00","avg.sv.height_wet_IB007.9","avg.sv.height","wet",9,"IB007"
0.828834276779819,"a",0.281879194630872,"2_517840","11","avg.sv.height_wet_IB007.9","avg.sv.height","wet",9,"IB007"
0,"b",0.691275167785235,"2_491032","00","avg.sv.height_wet_IB007.9","avg.sv.height","wet",9,"IB007"
-0.608102328030473,"a",0.302013422818792,"2_491032","11","avg.sv.height_wet_IB007.9","avg.sv.height","wet",9,"IB007"
0,"a",0.629310344827586,"7_22804072","00","avg.sv.height_wet_IB008.10","avg.sv.height","wet",10,"IB008"
0.313862140069049,"b",0.349137931034483,"7_22804072","11","avg.sv.height_wet_IB008.10","avg.sv.height","wet",10,"IB008"
0,"b",0.375,"5_5896676","00","avg.sv.height_wet_IB008.10","avg.sv.height","wet",10,"IB008"
-0.289359926918364,"a",0.581896551724138,"5_5896676","11","avg.sv.height_wet_IB008.10","avg.sv.height","wet",10,"IB008"
0,"a",0.357758620689655,"7_15664795","00","avg.sv.height_wet_IB008.10","avg.sv.height","wet",10,"IB008"
0.184221880948788,"a",0.491379310344828,"7_15664795","11","avg.sv.height_wet_IB008.10","avg.sv.height","wet",10,"IB008"
0,"b",0.556034482758621,"2_512038","00","avg.sv.height_wet_IB008.10","avg.sv.height","wet",10,"IB008"
-0.532963494495721,"a",0.431034482758621,"2_512038","11","avg.sv.height_wet_IB008.10","avg.sv.height","wet",10,"IB008"
0,"b",0.685344827586207,"2_309098","00","avg.sv.height_wet_IB008.10","avg.sv.height","wet",10,"IB008"
0.51277344067528,"a",0.306034482758621,"2_309098","11","avg.sv.height_wet_IB008.10","avg.sv.height","wet",10,"IB008"
0,"b",0.556034482758621,"9_53144368","00","avg.sv.height_wet_IB008.10","avg.sv.height","wet",10,"IB008"
0.280100307396698,"a",0.435344827586207,"9_53144368","11","avg.sv.height_wet_IB008.10","avg.sv.height","wet",10,"IB008"
0,"b",0.762931034482759,"6_29075320","00","avg.sv.height_wet_IB008.10","avg.sv.height","wet",10,"IB008"
0.290644293166153,"a",0.224137931034483,"6_29075320","11","avg.sv.height_wet_IB008.10","avg.sv.height","wet",10,"IB008"
0,"b",0.146551724137931,"1_9968163","00","avg.sv.height_wet_IB008.10","avg.sv.height","wet",10,"IB008"
0.397010760479175,"a",0.698275862068966,"1_9968163","11","avg.sv.height_wet_IB008.10","avg.sv.height","wet",10,"IB008"
0,"a",0.793103448275862,"2_178348","00","avg.sv.height_wet_IB008.11","avg.sv.height","wet",11,"IB008"
-0.437552683998114,"b",0.202586206896552,"2_178348","11","avg.sv.height_wet_IB008.11","avg.sv.height","wet",11,"IB008"
0,"b",0.40948275862069,"5_5925990","00","avg.sv.height_wet_IB008.11","avg.sv.height","wet",11,"IB008"
-0.443603077029648,"a",0.586206896551724,"5_5925990","11","avg.sv.height_wet_IB008.11","avg.sv.height","wet",11,"IB008"
0,"b",0.762931034482759,"6_29075320","00","avg.sv.height_wet_IB008.11","avg.sv.height","wet",11,"IB008"
0.414479887531896,"a",0.224137931034483,"6_29075320","11","avg.sv.height_wet_IB008.11","avg.sv.height","wet",11,"IB008"
0,"b",0.53448275862069,"2_4302226","00","avg.sv.height_wet_IB008.11","avg.sv.height","wet",11,"IB008"
-0.200498186347155,"a",0.452586206896552,"2_4302226","11","avg.sv.height_wet_IB008.11","avg.sv.height","wet",11,"IB008"
0,"a",0.103448275862069,"1_9968085","00","avg.sv.height_wet_IB008.11","avg.sv.height","wet",11,"IB008"
0.458850465582742,"b",0.724137931034483,"1_9968085","11","avg.sv.height_wet_IB008.11","avg.sv.height","wet",11,"IB008"
0,"b",0.65948275862069,"9_53149634","00","avg.sv.height_wet_IB008.11","avg.sv.height","wet",11,"IB008"
0.284128010547532,"a",0.336206896551724,"9_53149634","11","avg.sv.height_wet_IB008.11","avg.sv.height","wet",11,"IB008"
0,"b",0.547413793103448,"2_510490","00","avg.sv.height_wet_IB008.11","avg.sv.height","wet",11,"IB008"
-0.504852299114507,"a",0.435344827586207,"2_510490","11","avg.sv.height_wet_IB008.11","avg.sv.height","wet",11,"IB008"
0,"b",0.663793103448276,"2_300485","00","avg.sv.height_wet_IB008.11","avg.sv.height","wet",11,"IB008"
0.529736337775319,"a",0.336206896551724,"2_300485","11","avg.sv.height_wet_IB008.11","avg.sv.height","wet",11,"IB008"
0,"a",0.762931034482759,"6_29075320","00","avg.sv.height_wet_IB008.12","avg.sv.height","wet",12,"IB008"
0.481766152860516,"b",0.224137931034483,"6_29075320","11","avg.sv.height_wet_IB008.12","avg.sv.height","wet",12,"IB008"
0,"b",0.551724137931034,"2_503074","00","avg.sv.height_wet_IB008.12","avg.sv.height","wet",12,"IB008"
-0.38298138098807,"a",0.431034482758621,"2_503074","11","avg.sv.height_wet_IB008.12","avg.sv.height","wet",12,"IB008"
0,"b",0.28448275862069,"2_5144429","00","avg.sv.height_wet_IB008.12","avg.sv.height","wet",12,"IB008"
-0.336317529206751,"a",0.693965517241379,"2_5144429","11","avg.sv.height_wet_IB008.12","avg.sv.height","wet",12,"IB008"
0,"b",0.400862068965517,"5_5912258","00","avg.sv.height_wet_IB008.12","avg.sv.height","wet",12,"IB008"
-0.361142090996108,"a",0.59051724137931,"5_5912258","11","avg.sv.height_wet_IB008.12","avg.sv.height","wet",12,"IB008"
0,"b",0.357758620689655,"7_15664795","00","avg.sv.height_wet_IB008.12","avg.sv.height","wet",12,"IB008"
0.274885628646086,"a",0.491379310344828,"7_15664795","11","avg.sv.height_wet_IB008.12","avg.sv.height","wet",12,"IB008"
0,"b",0.65948275862069,"9_53149678","00","avg.sv.height_wet_IB008.12","avg.sv.height","wet",12,"IB008"
0.243275527550553,"a",0.331896551724138,"9_53149678","11","avg.sv.height_wet_IB008.12","avg.sv.height","wet",12,"IB008"
0,"a",0.103448275862069,"1_9968085","00","avg.sv.height_wet_IB008.12","avg.sv.height","wet",12,"IB008"
0.483153419743474,"b",0.724137931034483,"1_9968085","11","avg.sv.height_wet_IB008.12","avg.sv.height","wet",12,"IB008"
0,"a",0.818965517241379,"2_400138","00","avg.sv.height_wet_IB008.13","avg.sv.height","wet",13,"IB008"
-0.226209759787544,"a",0.176724137931034,"2_400138","11","avg.sv.height_wet_IB008.13","avg.sv.height","wet",13,"IB008"
0,"b",0.775862068965517,"6_29098636","00","avg.sv.height_wet_IB008.13","avg.sv.height","wet",13,"IB008"
0.372888798169907,"a",0.219827586206897,"6_29098636","11","avg.sv.height_wet_IB008.13","avg.sv.height","wet",13,"IB008"
0,"b",0.400862068965517,"5_5912258","00","avg.sv.height_wet_IB008.13","avg.sv.height","wet",13,"IB008"
-0.335493587051814,"a",0.59051724137931,"5_5912258","11","avg.sv.height_wet_IB008.13","avg.sv.height","wet",13,"IB008"
0,"b",0.573275862068966,"2_4246820","00","avg.sv.height_wet_IB008.13","avg.sv.height","wet",13,"IB008"
-0.28954723856632,"a",0.418103448275862,"2_4246820","11","avg.sv.height_wet_IB008.13","avg.sv.height","wet",13,"IB008"
0,"b",0.607758620689655,"9_53146475","00","avg.sv.height_wet_IB008.13","avg.sv.height","wet",13,"IB008"
0.335554154308258,"a",0.383620689655172,"9_53146475","11","avg.sv.height_wet_IB008.13","avg.sv.height","wet",13,"IB008"
0,"b",0.836206896551724,"2_779121","00","avg.sv.height_wet_IB008.13","avg.sv.height","wet",13,"IB008"
-0.641423092924936,"a",0.129310344827586,"2_779121","11","avg.sv.height_wet_IB008.13","avg.sv.height","wet",13,"IB008"
0,"b",0.357758620689655,"7_15664795","00","avg.sv.height_wet_IB008.13","avg.sv.height","wet",13,"IB008"
0.237586886534852,"a",0.491379310344828,"7_15664795","11","avg.sv.height_wet_IB008.13","avg.sv.height","wet",13,"IB008"
0,"b",0.521551724137931,"2_510845","00","avg.sv.height_wet_IB008.13","avg.sv.height","wet",13,"IB008"
-0.39657900588432,"a",0.469827586206897,"2_510845","11","avg.sv.height_wet_IB008.13","avg.sv.height","wet",13,"IB008"
0,"b",0.663793103448276,"2_300485","00","avg.sv.height_wet_IB008.13","avg.sv.height","wet",13,"IB008"
0.36031057234514,"a",0.336206896551724,"2_300485","11","avg.sv.height_wet_IB008.13","avg.sv.height","wet",13,"IB008"
0,"a",0.818965517241379,"2_400138","00","avg.sv.height_wet_IB008.14","avg.sv.height","wet",14,"IB008"
-0.467553671796366,"b",0.176724137931034,"2_400138","11","avg.sv.height_wet_IB008.14","avg.sv.height","wet",14,"IB008"
0,"b",0.564655172413793,"2_4243288","00","avg.sv.height_wet_IB008.14","avg.sv.height","wet",14,"IB008"
-0.309899516732977,"a",0.426724137931034,"2_4243288","11","avg.sv.height_wet_IB008.14","avg.sv.height","wet",14,"IB008"
0,"b",0.762931034482759,"6_29075320","00","avg.sv.height_wet_IB008.14","avg.sv.height","wet",14,"IB008"
0.468673129879296,"a",0.224137931034483,"6_29075320","11","avg.sv.height_wet_IB008.14","avg.sv.height","wet",14,"IB008"
0,"a",0.0862068965517241,"1_11078382","00","avg.sv.height_wet_IB008.14","avg.sv.height","wet",14,"IB008"
0.478654279861546,"b",0.78448275862069,"1_11078382","11","avg.sv.height_wet_IB008.14","avg.sv.height","wet",14,"IB008"
0,"b",0.469827586206897,"3_37235248","00","avg.sv.height_wet_IB008.14","avg.sv.height","wet",14,"IB008"
-0.220021189709637,"a",0.301724137931034,"3_37235248","11","avg.sv.height_wet_IB008.14","avg.sv.height","wet",14,"IB008"
0,"b",0.607758620689655,"9_53146475","00","avg.sv.height_wet_IB008.14","avg.sv.height","wet",14,"IB008"
0.294898069332275,"a",0.383620689655172,"9_53146475","11","avg.sv.height_wet_IB008.14","avg.sv.height","wet",14,"IB008"
0,"b",0.685344827586207,"2_2872647","00","avg.sv.height_wet_IB008.14","avg.sv.height","wet",14,"IB008"
-0.38870245727517,"a",0.314655172413793,"2_2872647","11","avg.sv.height_wet_IB008.14","avg.sv.height","wet",14,"IB008"
0,"a",0.400862068965517,"5_5912258","00","avg.sv.height_wet_IB008.14","avg.sv.height","wet",14,"IB008"
-0.267718689485278,"b",0.59051724137931,"5_5912258","11","avg.sv.height_wet_IB008.14","avg.sv.height","wet",14,"IB008"
0,"a",0.357758620689655,"7_15664795","00","avg.sv.height_wet_IB008.14","avg.sv.height","wet",14,"IB008"
0.1820266025961,"a",0.491379310344828,"7_15664795","11","avg.sv.height_wet_IB008.14","avg.sv.height","wet",14,"IB008"
0,"a",0.793103448275862,"2_178348","00","avg.sv.height_wet_IB008.15","avg.sv.height","wet",15,"IB008"
-0.568553127475769,"b",0.202586206896552,"2_178348","11","avg.sv.height_wet_IB008.15","avg.sv.height","wet",15,"IB008"
0,"b",0.53448275862069,"2_4302226","00","avg.sv.height_wet_IB008.15","avg.sv.height","wet",15,"IB008"
-0.416201048014574,"a",0.452586206896552,"2_4302226","11","avg.sv.height_wet_IB008.15","avg.sv.height","wet",15,"IB008"
0,"b",0.396551724137931,"5_5897646","00","avg.sv.height_wet_IB008.15","avg.sv.height","wet",15,"IB008"
-0.427983360013725,"a",0.59051724137931,"5_5897646","11","avg.sv.height_wet_IB008.15","avg.sv.height","wet",15,"IB008"
0,"b",0.357758620689655,"7_15664795","00","avg.sv.height_wet_IB008.15","avg.sv.height","wet",15,"IB008"
0.213776585425322,"a",0.491379310344828,"7_15664795","11","avg.sv.height_wet_IB008.15","avg.sv.height","wet",15,"IB008"
0,"b",0.551724137931034,"3_12017891","00","avg.sv.height_wet_IB008.15","avg.sv.height","wet",15,"IB008"
1.19251894165985,"a",0.422413793103448,"3_12017891","11","avg.sv.height_wet_IB008.15","avg.sv.height","wet",15,"IB008"
0,"b",0.71551724137931,"6_29050719","00","avg.sv.height_wet_IB008.15","avg.sv.height","wet",15,"IB008"
0.319092452472556,"a",0.275862068965517,"6_29050719","11","avg.sv.height_wet_IB008.15","avg.sv.height","wet",15,"IB008"
0,"b",0.469827586206897,"3_37235248","00","avg.sv.height_wet_IB008.15","avg.sv.height","wet",15,"IB008"
-0.289913744321297,"a",0.301724137931034,"3_37235248","11","avg.sv.height_wet_IB008.15","avg.sv.height","wet",15,"IB008"
0,"b",0.146551724137931,"1_9968163","00","avg.sv.height_wet_IB008.15","avg.sv.height","wet",15,"IB008"
0.561509572435311,"a",0.698275862068966,"1_9968163","11","avg.sv.height_wet_IB008.15","avg.sv.height","wet",15,"IB008"
0,"b",0.577586206896552,"3_11819248","00","avg.sv.height_wet_IB008.15","avg.sv.height","wet",15,"IB008"
-1.05750819239082,"a",0.40948275862069,"3_11819248","11","avg.sv.height_wet_IB008.15","avg.sv.height","wet",15,"IB008"
0,"a",0.836206896551724,"2_779121","00","avg.sv.height_wet_IB008.16","avg.sv.height","wet",16,"IB008"
-0.824839884685493,"b",0.129310344827586,"2_779121","11","avg.sv.height_wet_IB008.16","avg.sv.height","wet",16,"IB008"
0,"a",0.40948275862069,"5_5925990","00","avg.sv.height_wet_IB008.16","avg.sv.height","wet",16,"IB008"
-0.487471572869124,"b",0.586206896551724,"5_5925990","11","avg.sv.height_wet_IB008.16","avg.sv.height","wet",16,"IB008"
0,"b",0.357758620689655,"7_15664795","00","avg.sv.height_wet_IB008.16","avg.sv.height","wet",16,"IB008"
0.328206193666332,"a",0.491379310344828,"7_15664795","11","avg.sv.height_wet_IB008.16","avg.sv.height","wet",16,"IB008"
0,"a",0.564655172413793,"2_4243288","00","avg.sv.height_wet_IB008.16","avg.sv.height","wet",16,"IB008"
-0.197481245305699,"a",0.426724137931034,"2_4243288","11","avg.sv.height_wet_IB008.16","avg.sv.height","wet",16,"IB008"
0,"b",0.71551724137931,"6_29050719","00","avg.sv.height_wet_IB008.16","avg.sv.height","wet",16,"IB008"
0.391214773551615,"a",0.275862068965517,"6_29050719","11","avg.sv.height_wet_IB008.16","avg.sv.height","wet",16,"IB008"
0,"b",0.556034482758621,"3_11996497","00","avg.sv.height_wet_IB008.16","avg.sv.height","wet",16,"IB008"
0.282631645471389,"a",0.435344827586207,"3_11996497","11","avg.sv.height_wet_IB008.16","avg.sv.height","wet",16,"IB008"
0,"b",0.469827586206897,"3_37235248","00","avg.sv.height_wet_IB008.16","avg.sv.height","wet",16,"IB008"
-0.284455691733838,"a",0.301724137931034,"3_37235248","11","avg.sv.height_wet_IB008.16","avg.sv.height","wet",16,"IB008"
0,"b",0.512931034482759,"2_3353375","00","avg.sv.height_wet_IB008.16","avg.sv.height","wet",16,"IB008"
-0.373671333616863,"a",0.413793103448276,"2_3353375","11","avg.sv.height_wet_IB008.16","avg.sv.height","wet",16,"IB008"
0,"a",0.818965517241379,"2_400138","00","avg.sv.height_wet_IB008.17","avg.sv.height","wet",17,"IB008"
-0.544052981067484,"b",0.176724137931034,"2_400138","11","avg.sv.height_wet_IB008.17","avg.sv.height","wet",17,"IB008"
0,"b",0.40948275862069,"5_5925990","00","avg.sv.height_wet_IB008.17","avg.sv.height","wet",17,"IB008"
-0.503900929139149,"a",0.586206896551724,"5_5925990","11","avg.sv.height_wet_IB008.17","avg.sv.height","wet",17,"IB008"
0,"b",0.65948275862069,"2_3035742","00","avg.sv.height_wet_IB008.17","avg.sv.height","wet",17,"IB008"
-0.384551985272151,"a",0.34051724137931,"2_3035742","11","avg.sv.height_wet_IB008.17","avg.sv.height","wet",17,"IB008"
0,"b",0.646551724137931,"6_7741257","00","avg.sv.height_wet_IB008.17","avg.sv.height","wet",17,"IB008"
-0.239570959966146,"a",0.34051724137931,"6_7741257","11","avg.sv.height_wet_IB008.17","avg.sv.height","wet",17,"IB008"
0,"b",0.357758620689655,"7_15664795","00","avg.sv.height_wet_IB008.17","avg.sv.height","wet",17,"IB008"
0.223186375734079,"a",0.491379310344828,"7_15664795","11","avg.sv.height_wet_IB008.17","avg.sv.height","wet",17,"IB008"
0,"b",0.53448275862069,"2_4302226","00","avg.sv.height_wet_IB008.17","avg.sv.height","wet",17,"IB008"
-0.351515615737853,"a",0.452586206896552,"2_4302226","11","avg.sv.height_wet_IB008.17","avg.sv.height","wet",17,"IB008"
0,"a",0.0948275862068965,"1_11078181","00","avg.sv.height_wet_IB008.17","avg.sv.height","wet",17,"IB008"
0.696265146409836,"b",0.771551724137931,"1_11078181","11","avg.sv.height_wet_IB008.17","avg.sv.height","wet",17,"IB008"
0,"b",0.737068965517241,"6_29223183","00","avg.sv.height_wet_IB008.17","avg.sv.height","wet",17,"IB008"
0.299389045529497,"a",0.254310344827586,"6_29223183","11","avg.sv.height_wet_IB008.17","avg.sv.height","wet",17,"IB008"
0,"b",0.461206896551724,"3_37236396","00","avg.sv.height_wet_IB008.17","avg.sv.height","wet",17,"IB008"
-0.298977638887801,"a",0.297413793103448,"3_37236396","11","avg.sv.height_wet_IB008.17","avg.sv.height","wet",17,"IB008"
0,"a",0.818965517241379,"2_400138","00","avg.sv.height_wet_IB008.18","avg.sv.height","wet",18,"IB008"
-0.879869531136746,"b",0.176724137931034,"2_400138","11","avg.sv.height_wet_IB008.18","avg.sv.height","wet",18,"IB008"
0,"b",0.405172413793103,"5_5928135","00","avg.sv.height_wet_IB008.18","avg.sv.height","wet",18,"IB008"
-0.577051522170214,"a",0.59051724137931,"5_5928135","11","avg.sv.height_wet_IB008.18","avg.sv.height","wet",18,"IB008"
0,"a",0.357758620689655,"7_15664795","00","avg.sv.height_wet_IB008.18","avg.sv.height","wet",18,"IB008"
0.367380338468484,"b",0.491379310344828,"7_15664795","11","avg.sv.height_wet_IB008.18","avg.sv.height","wet",18,"IB008"
0,"b",0.538793103448276,"3_12026511","00","avg.sv.height_wet_IB008.18","avg.sv.height","wet",18,"IB008"
1.6855927118794,"a",0.422413793103448,"3_12026511","11","avg.sv.height_wet_IB008.18","avg.sv.height","wet",18,"IB008"
0,"c",0.706896551724138,"2_3322018","00","avg.sv.height_wet_IB008.18","avg.sv.height","wet",18,"IB008"
-0.362357547871757,"b",0.288793103448276,"2_3322018","11","avg.sv.height_wet_IB008.18","avg.sv.height","wet",18,"IB008"
0,"b",0.625,"6_7743344","00","avg.sv.height_wet_IB008.18","avg.sv.height","wet",18,"IB008"
-0.241804108153889,"a",0.357758620689655,"6_7743344","11","avg.sv.height_wet_IB008.18","avg.sv.height","wet",18,"IB008"
0,"a",0.547413793103448,"3_12022609","00","avg.sv.height_wet_IB008.18","avg.sv.height","wet",18,"IB008"
-1.46758227040571,"a",0.418103448275862,"3_12022609","11","avg.sv.height_wet_IB008.18","avg.sv.height","wet",18,"IB008"
0,"a",0.793103448275862,"2_178348","00","avg.sv.height_wet_IB008.19","avg.sv.height","wet",19,"IB008"
-0.74309647998351,"b",0.202586206896552,"2_178348","11","avg.sv.height_wet_IB008.19","avg.sv.height","wet",19,"IB008"
0,"a",0.405172413793103,"5_5928135","00","avg.sv.height_wet_IB008.19","avg.sv.height","wet",19,"IB008"
-0.501599433629035,"b",0.59051724137931,"5_5928135","11","avg.sv.height_wet_IB008.19","avg.sv.height","wet",19,"IB008"
0,"a",0.512931034482759,"2_3353375","00","avg.sv.height_wet_IB008.19","avg.sv.height","wet",19,"IB008"
-0.48139861372647,"b",0.413793103448276,"2_3353375","11","avg.sv.height_wet_IB008.19","avg.sv.height","wet",19,"IB008"
0,"b",0.853448275862069,"2_560546","00","avg.sv.height_wet_IB008.19","avg.sv.height","wet",19,"IB008"
0.513973827569585,"a",0.142241379310345,"2_560546","11","avg.sv.height_wet_IB008.19","avg.sv.height","wet",19,"IB008"
0,"b",0.551724137931034,"3_11808751","00","avg.sv.height_wet_IB008.19","avg.sv.height","wet",19,"IB008"
0.411462388572347,"a",0.396551724137931,"3_11808751","11","avg.sv.height_wet_IB008.19","avg.sv.height","wet",19,"IB008"
0,"b",0.461206896551724,"3_37236396","00","avg.sv.height_wet_IB008.19","avg.sv.height","wet",19,"IB008"
-0.412382771891761,"a",0.297413793103448,"3_37236396","11","avg.sv.height_wet_IB008.19","avg.sv.height","wet",19,"IB008"
0,"b",0.646551724137931,"6_7741257","00","avg.sv.height_wet_IB008.19","avg.sv.height","wet",19,"IB008"
-0.276152222589906,"a",0.34051724137931,"6_7741257","11","avg.sv.height_wet_IB008.19","avg.sv.height","wet",19,"IB008"
0,"b",0.357758620689655,"7_15664795","00","avg.sv.height_wet_IB008.19","avg.sv.height","wet",19,"IB008"
0.278988856943606,"a",0.491379310344828,"7_15664795","11","avg.sv.height_wet_IB008.19","avg.sv.height","wet",19,"IB008"
0,"b",0.370689655172414,"2_608736","00","avg.sv.height_wet_IB008.19","avg.sv.height","wet",19,"IB008"
0.220935911046954,"a",0.629310344827586,"2_608736","11","avg.sv.height_wet_IB008.19","avg.sv.height","wet",19,"IB008"
0,"a",0.616580310880829,"7_22801533","00","avg.sv.height_wet_IB008.8","avg.sv.height","wet",8,"IB008"
0.407120580825115,"b",0.383419689119171,"7_22801533","11","avg.sv.height_wet_IB008.8","avg.sv.height","wet",8,"IB008"
0,"b",0.751295336787565,"6_29075320","00","avg.sv.height_wet_IB008.8","avg.sv.height","wet",8,"IB008"
0.835533428735127,"a",0.233160621761658,"6_29075320","11","avg.sv.height_wet_IB008.8","avg.sv.height","wet",8,"IB008"
0,"b",0.709844559585492,"6_29087701","00","avg.sv.height_wet_IB008.8","avg.sv.height","wet",8,"IB008"
-0.619575842011143,"a",0.27979274611399,"6_29087701","11","avg.sv.height_wet_IB008.8","avg.sv.height","wet",8,"IB008"
0,"a",0.530973451327434,"2_4302226","00","avg.sv.height_wet_IB008.9","avg.sv.height","wet",9,"IB008"
-0.340989848320556,"b",0.455752212389381,"2_4302226","11","avg.sv.height_wet_IB008.9","avg.sv.height","wet",9,"IB008"
0,"b",0.615044247787611,"6_7805516","00","avg.sv.height_wet_IB008.9","avg.sv.height","wet",9,"IB008"
-0.31649488731766,"a",0.358407079646018,"6_7805516","11","avg.sv.height_wet_IB008.9","avg.sv.height","wet",9,"IB008"
0,"b",0.358407079646018,"2_617265","00","avg.sv.height_wet_IB008.9","avg.sv.height","wet",9,"IB008"
-0.247305549329073,"a",0.632743362831858,"2_617265","11","avg.sv.height_wet_IB008.9","avg.sv.height","wet",9,"IB008"
0,"b",0.663716814159292,"9_53149634","00","avg.sv.height_wet_IB008.9","avg.sv.height","wet",9,"IB008"
0.294483817391945,"a",0.331858407079646,"9_53149634","11","avg.sv.height_wet_IB008.9","avg.sv.height","wet",9,"IB008"
